PR_CODE,   PR_LIB
SC600,A supprimer
PTU04,AB Test Card
PTU10,AB Test Card DOM
PTU11,AB Test Card Guyane
ALT11,Achille tendon w/ bone block
ALT10,Achille tendon w/o bone block
F1010,ADN DU VHB PAR PCR - PLASMA
M0910,ALFALASTIN  1g        /9275715
M0914,ALFALASTIN  4g        /9382084
QC028,AMH Négatif
QC027,AMH Standard
VHAB2,Analyse VHA-B19
AQBD,Analyses QBD
ALT16,Anterior tibialis tendon
ALT14,Anterior tibialis tendon SL
F1090,ANTICORPS ANTI HIV (WB)
F1080,ANTICORPS VHC RIBA
METR14,App. VV 3pts - M&E COFRAC
METR13,App. VV 3pts - V. COFRAC
ARCCEL,Archive Cellule
ARCTIS,Archive Tissus
F1000,ARN DU VHC PAR PCR - PLASMA
ARRE1,Arrêt - Retrait  & Pst - AMI 1
ARTFAC,Artère - FACTURATION
ART31,Artère Congelée -150°C
ART32,Artère Congelée -80°C
ART41,Artère Cryoconservée
ART01,Artère Matière Première
ART11,Artère Réceptionnée
ART21,Artère Traitée AB
DV060,Automate MCP
KITAU,Autres kits
MAIN5,AUTRES MAINTENANCES  D0
MARC1,AUTRES MARCHANDISES A ETS
METR20,Autres prestations métrologie
PORT6,Autres transport - Cellules
PORT3,Autres transport - PSL
PORT4,Autres transport - Seul
PORT5,Autres transport - Tissus
3345001,Baguette Diaphysaire Congelée
M3965,BETAFACT(100UI/ml)10ml/9331336
M3931,BETAFACT(50UI/ml) 5ml /9232143
M3932,BETAFACT(50UI/ml)10ml /9232120
M3933,BETAFACT(50UI/ml)20ml /9232137
BIOFAC,Biobank - FACTURATION
HB002,Biopsie Médullaire
ALT03,Bisected patellar ligament
ALT04,Bisected patellar w/s block
BIO32,Bloc Os spon 20x10x10mm Superc
BIO31,Bloc Os spon 30x20x10mm Superc
TUT43,Bloc Rotulien 12x 12 x20mm 
TUT31,Bloc Spong 10 x 10 x 20mm 
D2011,BNSPR Tubulure cong. QL UP1
D2012,BNSPR Tubulure cong. QL UP2
D2005,BNSPR Tubulure cong. QL U1
D2007,BNSPR Tubulure cong. QL U1 UP1
D2008,BNSPR Tubulure cong. QL U1 UP2
D2006,BNSPR Tubulure cong. QL U2
D2009,BNSPR Tubulure cong. QL U2 UP1
D2010,BNSPR Tubulure cong. QL U2 UP2
D2003,BNSPR Tubulure congelée QL
D2004,BNSPR Tubulure cryoc. QL
CSL01,C - Consultation généraliste
CARB1,Carboglace
41049,CCMA Auto- Cryoconservé
41035,CCMA- CMV négatif
41036,CCMA- Cryoconservé
41034,CCMA- Phénotypé
41050,CCSH SC Auto- Cryoconservé
41039,CCSH SC-Cryoconservé
41038,CCSH SC-Déplasmatisé
41041,CCSH SCo-Cryoconservé
41040,CCSH SCo-Phénotypé
41037,CCSH SC-Phénotypé
DIV07,Centre de soins - Astreinte
DIV08,Centre de soins - Déplacement
16411,CGA
41030,CGA- CMV négatif
16414,CGA DEPL
16416,CGA DEPL IRRA
41031,CGA- Déplasmatisé
16415,CGA IRRA
41032,CGA- Irradié
50,CGA MP
41029,CGA- Phénotypé
16417,CGA RED VOL
16418,CGA RED VOL IRRA
41033,CGA- Réduction de volume
16431,CGA U1 DEPL IRRA
16421,CGA U1 IRRA
16441,CGA U1 RED VOL IRRA
16432,CGA U2 DEPL IRRA
16422,CGA U2 IRRA
16442,CGA U2 RED VOL IRRA
16433,CGA U3 DEPL IRRA
16423,CGA U3 IRRA
16443,CGA U3 RED VOL IRRA
41006,CGR - CMV négatif 
50500,CGR - ESSAI CLINIQUE ABLE
C1208,CGR Aph.  Qualif Théra
C3208,CGR Apher Non Qualif
C2208,CGR Apher Qualif Lab
C3107,CGR Appauvri  Non Qualif
C1107,CGR Appauvri  Qualif Théra
41007,CGR- Appauvri en leucocytes
C2107,CGR Appauvri Qualif Lab
5301,CGR Attente Orientation PANEL
70,CGR Auto. Aph. Matière 1ère U1
71,CGR Auto. Aph. Matière 1ère U2
41043,CGR Auto- Déleucocyté
4707,CGR AUTO UA CONG Clos
4705,CGR AUTO UA CONG N Clos
4708,CGR AUTO UA CRYO Clos
4709,CGR AUTO UA CRYO N Clos
4774,CGR AUTO UA DEL CONG Clos
4773,CGR AUTO UA DEL CONG N Clos
4776,CGR AUTO UA DEL CRYO Clos
4775,CGR AUTO UA DEL CRYO N Clos
4771,CGR AUTO UA SAGM
4711,CGR AUTO UA SAGM DEL
4713,CGR AUTO UA SAGM DEL*
4714,CGR AUTO UE CONG Clos
4706,CGR AUTO UE CONG N Clos
4715,CGR AUTO UE CRYO Clos
4710,CGR AUTO UE CRYO N Clos
4778,CGR AUTO UE DEL CONG Clos
4777,CGR AUTO UE DEL CONG N Clos
4780,CGR AUTO UE DEL CRYO Clos
4779,CGR AUTO UE DEL CRYO N Clos
4772,CGR AUTO UE SAGM
4712,CGR AUTO UE SAGM DEL
4153,CGR CPD UP1 DEL Clos
4353,CGR CPD UP1 DEL Clos IRRA
4156,CGR CPD UP2 DEL Clos
4356,CGR CPD UP2 DEL Clos IRRA
4157,CGR CPD UP3 DEL Clos
4357,CGR CPD UP3 DEL Clos IRRA
4158,CGR CPD UP4 DEL Clos
4358,CGR CPD UP4 DEL Clos IRRA
41010,CGR- Cryoconservé
41009,CGR- Déplasmatisé
41011,CGR- Irradié
C3101,CGR Non Qualif
C3106,CGR Non Qualif Autre AC
C3103,CGR Panel Non Qualif
C2103,CGR Panel Qualif Lab
C2109,CGR Panel Qualif Lab Cryo
C1103,CGR Panel Qualif Théra
C2102,CGR Périmé Qualif Lab
C1102,CGR Périmé Qualif Théra
C1104,CGR phéno partic  Qualif Théra
41054,CGR- Phénotypé étendu
41053,CGR- Phénotypé RhKell
C2101,CGR Qualif Lab
C2106,CGR Qualif Lab Autre AC
C1101,CGR Qualif Théra
C1106,CGR Qualif Théra Autre AC
4901,CGR RARE
4931,CGR RARE ANOBIO
4929,CGR RARE ANOBIO CONG Clos
4932,CGR RARE ANOBIO CONG Non Clos
4930,CGR RARE ANOBIO CRYO Clos
4933,CGR RARE ANOBIO CRYO Non Clos
4935,CGR RARE ANOBIO DEL
4939,CGR RARE ANOBIO DEL CONG Clos
4936,CGR RARE ANOBIO DEL CONG N Clo
4938,CGR RARE ANOBIO DEL CRYO Clos
4937,CGR RARE ANOBIO DEL CRYO N Clo
4968,CGR RARE ANOBIO DEL DEP
4974,CGR RARE ANOBIO UP1 D DEP IRR
4970,CGR RARE ANOBIO UP1 DEL DEP
4975,CGR RARE ANOBIO UP2 D DEP IRR
4972,CGR RARE ANOBIO UP2 DEL DEP
4976,CGR RARE ANOBIO UP3 D DEP IRR
4973,CGR RARE ANOBIO UP3 DEL DEP
4960,CGR RARE CI MED
4969,CGR RARE CI MED CONG Clos
4967,CGR RARE CI MED CONG DEL Clos
4964,CGR RARE CI MED CONG DEL NC
4961,CGR RARE CI MED CONG Non Clos
4971,CGR RARE CI MED CRYO Clos
4962,CGR RARE CI MED CRYO Non Clos
4963,CGR RARE CI MED DEL
4966,CGR RARE CI MED DEL CRYO Clos
4965,CGR RARE CI MED DEL CRYO NC
4927,CGR RARE CONG Clos
4902,CGR RARE CONG Non Clos
4928,CGR RARE CRYO Clos
4977,CGR RARE CRYO IRRA Non Clos
4903,CGR RARE CRYO Non Clos
4905,CGR RARE DEL
4909,CGR RARE DEL CONG Clos
4906,CGR RARE DEL CONG Non Clos
4908,CGR RARE DEL CRYO Clos
4989,CGR RARE DEL CRYO Clos UP1
4990,CGR RARE DEL CRYO Clos UP2
4921,CGR RARE DEL CRYO IRRA Clos
4920,CGR RARE DEL CRYO IRRA N Clos
4907,CGR RARE DEL CRYO Non Clos
4987,CGR RARE DEL CRYO Non Clos UP1
4988,CGR RARE DEL CRYO Non Clos UP2
41012,CGR- Réduction de volume
4071,CGR SAGM UA
4173,CGR SAGM UP1 DEL Clos
50646,CGR SAGM UP1 DEL Clos IRR PICU
4373,CGR SAGM UP1 DEL Clos IRRA
50626,CGR SAGM UP1 DEL Clos PICU
4176,CGR SAGM UP2 DEL Clos
50647,CGR SAGM UP2 DEL Clos IRR PICU
4386,CGR SAGM UP2 DEL Clos IRRA
50627,CGR SAGM UP2 DEL Clos PICU
4188,CGR SAGM UP3 DEL Clos
50648,CGR SAGM UP3 DEL Clos IRR PICU
4387,CGR SAGM UP3 DEL Clos IRRA
50628,CGR SAGM UP3 DEL Clos PICU
4190,CGR SAGM UP4 DEL Clos
50649,CGR SAGM UP4 DEL Clos IRR PICU
4388,CGR SAGM UP4 DEL Clos IRRA
50629,CGR SAGM UP4 DEL Clos PICU
41044,CGR ST Auto- Cryoconservé
4151,CGR UA CPD DEL Clos
4351,CGR UA CPD DEL Clos IRRA
4009,CGR UA CRYO N Clos
4010,CGR UA CRYO N Clos IRRA
4098,CGR UA DEL CONG Clos
4100,CGR UA DEL CONG N Clos
4101,CGR UA DEL CONG N Clos IRRA
4099,CGR UA DEL CRYO Clos
4124,CGR UA DEL CRYO Clos IRRA
4011,CGR UA DEL CRYO N Clos
4012,CGR UA DEL CRYO N Clos IRRA
4002,CGR UA DEL DEPL Clos
4003,CGR UA DEL DEPL Clos IRRA
50641,CGR UA DEL DEPL Clos IRRA PICU
50621,CGR UA DEL DEPL Clos PICU
4021,CGR UA DEL DEPL N Clos
4023,CGR UA DEL DEPL N Clos IRRA
4171,CGR UA SAGM DEL Clos
50620,CGR UA SAGM DEL Clos PICU
4371,CGR UA SAGM DEL IRRA
50640,CGR UA SAGM DEL IRRA PICU
4177,CGR UA SAGM DEL RED VOL
4179,CGR UA SAGM DEL RED VOL IRRA
4152,CGR UE CPD DEL Clos
4352,CGR UE CPD DEL Clos IRRA
4104,CGR UE DEL CONG N Clos
4105,CGR UE DEL CONG N Clos IRRA
4008,CGR UE DEL CRYO Clos IRRA
4027,CGR UE DEL CRYO N Clos
4028,CGR UE DEL CRYO N Clos IRRA
4006,CGR UE DEL DEPL Clos
50651,CGR UE DEL DEPL Clos IRR PICU
4007,CGR UE DEL DEPL Clos IRRA
50631,CGR UE DEL DEPL Clos PICU
4022,CGR UE DEL DEPL N Clos
4024,CGR UE DEL DEPL N Clos IRRA
4482,CGR UE SAGM DEL*
4172,CGR UE SAGM DEL Clos
50650,CGR UE SAGM DEL Clos IRR PICU
4372,CGR UE SAGM DEL Clos IRRA
50630,CGR UE SAGM DEL Clos PICU
4582,CGR UE SAGM DEL* IRRA
4178,CGR UE SAGM DEL RED VOL
4033,CGR UP1 DEL CRYO N Clos IRRA
4031,CGR UP1 DEL CRYO Non Clos
4116,CGR UP1 DEL DEPL CLOS
50642,CGR UP1 DEL DEPL CLOS IRR PICU
4120,CGR UP1 DEL DEPL CLOS IRRA
50622,CGR UP1 DEL DEPL PICU
4195,CGR UP1 DEL RED VOL
4199,CGR UP1 DEL RED VOL IRRA
4085,CGR UP2 DEL CRYO N Clos IRRA
4081,CGR UP2 DEL CRYO Non Clos
4117,CGR UP2 DEL DEPL CLOS
50643,CGR UP2 DEL DEPL CLOS IRR PICU
4121,CGR UP2 DEL DEPL CLOS IRRA
50623,CGR UP2 DEL DEPL PICU
4196,CGR UP2 DEL RED VOL
4200,CGR UP2 DEL RED VOL IRRA
4086,CGR UP3 DEL CRYO N Clos IRRA
4082,CGR UP3 DEL CRYO Non Clos
4118,CGR UP3 DEL DEPL CLOS
50644,CGR UP3 DEL DEPL CLOS IRR PICU
4122,CGR UP3 DEL DEPL CLOS IRRA
50624,CGR UP3 DEL DEPL PICU
4197,CGR UP3 DEL RED VOL
4201,CGR UP3 DEL RED VOL IRRA
4094,CGR UP4 DEL CRYO N Clos IRRA
4092,CGR UP4 DEL CRYO Non Clos
4119,CGR UP4 DEL DEPL CLOS
50645,CGR UP4 DEL DEPL CLOS IRR PICU
4123,CGR UP4 DEL DEPL CLOS IRRA
50625,CGR UP4 DEL DEPL PICU
4198,CGR UP4 DEL RED VOL
4202,CGR UP4 DEL RED VOL IRRA
4108,CGR U1 DEL CONG N Clos
4109,CGR U2 DEL CONG N Clos
4110,CGR U3 DEL CONG N Clos
4111,CGR U4 DEL CONG N Clos
41046,CGRA Auto- Cryoconservé
41045,CGRA Auto- Déleucocyté
4851,CGRA AUTO UA1
4837,CGRA AUTO UA1 CONG Clos
4841,CGRA AUTO UA1 CONG N Clos
4839,CGRA AUTO UA1 CRYO Clos
4845,CGRA AUTO UA1 CRYO N Clos
5103,CGRA AUTO UA1 DEL CONG Clos
5100,CGRA AUTO UA1 DEL CONG N Clos
5109,CGRA AUTO UA1 DEL CRYO Clos
5106,CGRA AUTO UA1 DEL CRYO N Clos
4856,CGRA AUTO UA1 SAGM
4848,CGRA AUTO UA1 SAGM DEL
4852,CGRA AUTO UA2
4838,CGRA AUTO UA2 CONG Clos
4842,CGRA AUTO UA2 CONG N Clos
4840,CGRA AUTO UA2 CRYO Clos
4846,CGRA AUTO UA2 CRYO N Clos
5104,CGRA AUTO UA2 DEL CONG Clos
5101,CGRA AUTO UA2 DEL CONG N Clos
5110,CGRA AUTO UA2 DEL CRYO Clos
5107,CGRA AUTO UA2 DEL CRYO N Clos
4857,CGRA AUTO UA2 SAGM
4849,CGRA AUTO UA2 SAGM DEL
4853,CGRA AUTO UA3
5112,CGRA AUTO UA3 CONG Clos
4843,CGRA AUTO UA3 CONG N Clos
5113,CGRA AUTO UA3 CRYO Clos
4847,CGRA AUTO UA3 CRYO N Clos
5105,CGRA AUTO UA3 DEL CONG Clos
5102,CGRA AUTO UA3 DEL CONG N Clos
5111,CGRA AUTO UA3 DEL CRYO Clos
5108,CGRA AUTO UA3 DEL CRYO N Clos
4858,CGRA AUTO UA3 SAGM
4850,CGRA AUTO UA3 SAGM DEL
5251,CGRA MP U1
5261,CGRA MP U1 Réceptionné NC
5252,CGRA MP U2
5262,CGRA MP U2 Réceptionné NC
5944,CGRA RARE ANOBIO CONG Clos U1
5945,CGRA RARE ANOBIO CONG Clos U2
5942,CGRA RARE ANOBIO CONG NC U1
5943,CGRA RARE ANOBIO CONG NC U2
5948,CGRA RARE ANOBIO CRYO Clos U1
5949,CGRA RARE ANOBIO CRYO Clos U2
5946,CGRA RARE ANOBIO CRYO NC U1
5947,CGRA RARE ANOBIO CRYO NC U2
5940,CGRA RARE ANOBIO U1
4944,CGRA RARE ANOBIO U1 D CONG Clo
4942,CGRA RARE ANOBIO U1 D CONG N C
4948,CGRA RARE ANOBIO U1 D CRYO Clo
4946,CGRA RARE ANOBIO U1 D CRYO N C
4940,CGRA RARE ANOBIO U1 DEL
5941,CGRA RARE ANOBIO U2
4945,CGRA RARE ANOBIO U2 D CONG Clo
4943,CGRA RARE ANOBIO U2 D CONG N C
4949,CGRA RARE ANOBIO U2 D CRYO Clo
4947,CGRA RARE ANOBIO U2 D CRYO N C
4941,CGRA RARE ANOBIO U2 DEL
4955,CGRA RARE CI MED CONG DE C U1
4956,CGRA RARE CI MED CONG DE C U2
4953,CGRA RARE CI MED CONG DE NC U1
4954,CGRA RARE CI MED CONG DE NC U2
4950,CGRA RARE CI MED U1 DEL
4952,CGRA RARE CI MED U1 DEL CRY C
4951,CGRA RARE CI MED U1 DEL CRY NC
4957,CGRA RARE CI MED U2 DEL
4959,CGRA RARE CI MED U2 DEL CRY C
4958,CGRA RARE CI MED U2 DEL CRY NC
5914,CGRA RARE CONG Clos U1
5915,CGRA RARE CONG Clos U2
5912,CGRA RARE CONG Non Clos U1
5913,CGRA RARE CONG Non Clos U2 
5918,CGRA RARE CRYO Clos U1
5919,CGRA RARE CRYO Clos U2
5916,CGRA RARE CRYO Non Clos U1
5917,CGRA RARE CRYO Non Clos U2
5910,CGRA RARE U1
4910,CGRA RARE U1 DEL
4914,CGRA RARE U1 DEL CONG Clos
4912,CGRA RARE U1 DEL CONG Non Clos
4918,CGRA RARE U1 DEL CRYO Clos
4924,CGRA RARE U1 DEL CRYO IRRA Clo
4922,CGRA RARE U1 DEL CRYO IRRA N C
4916,CGRA RARE U1 DEL CRYO Non Clos
5911,CGRA RARE U2
4911,CGRA RARE U2 DEL
4915,CGRA RARE U2 DEL CONG Clos
4913,CGRA RARE U2 DEL CONG Non Clos
4919,CGRA RARE U2 DEL CRYO Clos
4925,CGRA RARE U2 DEL CRYO IRRA Clo
4923,CGRA RARE U2 DEL CRYO IRRA N C
4917,CGRA RARE U2 DEL CRYO Non Clos
4863,CGRA U1 DEL Clos
4879,CGRA U1 DEL Clos IRRA
5002,CGRA U1 DEL CONG Clos
5000,CGRA U1 DEL CONG N Clos
5006,CGRA U1 DEL CRYO Clos
5008,CGRA U1 DEL CRYO Clos IRRA
5004,CGRA U1 DEL CRYO N Clos
5076,CGRA U1 DEL CRYO N Clos IRRA
4869,CGRA U1 DEL DEP N CLOS
4867,CGRA U1 DEL DEPL Clos
4875,CGRA U1 DEL DEPL Clos IRRA
4877,CGRA U1 DEL DEPL N Clos IRRA
4899,CGRA U1 DEL RED VOL IRRADIE
5074,CGRA U1 DEL SAGM RED VOL
4883,CGRA U1 UP1 DEL
5042,CGRA U1 UP1 DEL CRYO Clos
5058,CGRA U1 UP1 DEL CRYO Clos IRRA
5034,CGRA U1 UP1 DEL CRYO N Clos
5050,CGRA U1 UP1 DEL CRYO NClos IRR
5010,CGRA U1 UP1 DEL DEPL Clos 
5018,CGRA U1 UP1 DEL DEPL Clos IRRA
4891,CGRA U1 UP1 DEL IRRA
5026,CGRA U1 UP1 DEL RED VOL IRRA
5066,CGRA U1 UP1 SAGM DEL RED VOL
4884,CGRA U1 UP2 DEL
5043,CGRA U1 UP2 DEL CRYO Clos
5059,CGRA U1 UP2 DEL CRYO Clos IRRA
5035,CGRA U1 UP2 DEL CRYO N Clos
5051,CGRA U1 UP2 DEL CRYO NClos IRR
5011,CGRA U1 UP2 DEL DEPL Clos
5019,CGRA U1 UP2 DEL DEPL Clos IRRA
4892,CGRA U1 UP2 DEL IRRA
5027,CGRA U1 UP2 DEL RED VOL IRRA
5067,CGRA U1 UP2 SAGM DEL RED VOL
4885,CGRA U1 UP3 DEL
5044,CGRA U1 UP3 DEL CRYO Clos
5060,CGRA U1 UP3 DEL CRYO Clos IRRA
5036,CGRA U1 UP3 DEL CRYO N Clos
5052,CGRA U1 UP3 DEL CRYO NClos IRR
5012,CGRA U1 UP3 DEL DEPL Clos
5020,CGRA U1 UP3 DEL DEPL Clos IRRA
4893,CGRA U1 UP3 DEL IRRA
5028,CGRA U1 UP3 DEL RED VOL IRRA
5068,CGRA U1 UP3 SAGM DEL RED VOL
4886,CGRA U1 UP4 DEL
5045,CGRA U1 UP4 DEL CRYO Clos
5061,CGRA U1 UP4 DEL CRYO Clos IRRA
5037,CGRA U1 UP4 DEL CRYO N Clos
5053,CGRA U1 UP4 DEL CRYO NClos IRR
5013,CGRA U1 UP4 DEL DEPL Clos
5021,CGRA U1 UP4 DEL DEPL Clos IRRA
4894,CGRA U1 UP4 DEL IRRA
5029,CGRA U1 UP4 DEL RED VOL IRRA
5069,CGRA U1 UP4 SAGM DEL RED VOL
4864,CGRA U2 DEL Clos
4880,CGRA U2 DEL Clos IRRA
5003,CGRA U2 DEL CONG Clos
5001,CGRA U2 DEL CONG N Clos
5007,CGRA U2 DEL CRYO Clos
5009,CGRA U2 DEL CRYO Clos IRRA
5005,CGRA U2 DEL CRYO N Clos
5077,CGRA U2 DEL CRYO N Clos IRRA
4870,CGRA U2 DEL DEP N CLOS
4878,CGRA U2 DEL DEP N CLOS IRRA 
4868,CGRA U2 DEL DEPL Clos
4876,CGRA U2 DEL DEPL Clos IRRA
4900,CGRA U2 DEL RED VOL IRRA
5075,CGRA U2 SAGM DEL RED VOL
4887,CGRA U2 UP1 DEL
5046,CGRA U2 UP1 DEL CRYO Clos
5062,CGRA U2 UP1 DEL CRYO Clos IRRA
5038,CGRA U2 UP1 DEL CRYO N Clos
5054,CGRA U2 UP1 DEL CRYO NClos IRR
5014,CGRA U2 UP1 DEL DEPL Clos
5022,CGRA U2 UP1 DEL DEPL Clos IRRA
4895,CGRA U2 UP1 DEL IRRA
5030,CGRA U2 UP1 DEL RED VOL IRRA
5070,CGRA U2 UP1 SAGM DEL RED VOL
4888,CGRA U2 UP2 DEL
5047,CGRA U2 UP2 DEL CRYO Clos
5063,CGRA U2 UP2 DEL CRYO Clos IRRA
5039,CGRA U2 UP2 DEL CRYO N Clos
5055,CGRA U2 UP2 DEL CRYO NClos IRR
5015,CGRA U2 UP2 DEL DEPL Clos
5023,CGRA U2 UP2 DEL DEPL Clos IRRA
4896,CGRA U2 UP2 DEL IRRA
5031,CGRA U2 UP2 DEL RED VOL IRRA
5071,CGRA U2 UP2 SAGM DEL RED VOL
4889,CGRA U2 UP3 DEL
5048,CGRA U2 UP3 DEL CRYO Clos
5064,CGRA U2 UP3 DEL CRYO Clos IRRA
5040,CGRA U2 UP3 DEL CRYO N Clos
5056,CGRA U2 UP3 DEL CRYO NClos IRR
5016,CGRA U2 UP3 DEL DEPL Clos
5024,CGRA U2 UP3 DEL DEPL Clos IRRA
4897,CGRA U2 UP3 DEL IRRA
5032,CGRA U2 UP3 DEL RED VOL IRRA
5072,CGRA U2 UP3 SAGM DEL RED VOL
4890,CGRA U2 UP4 DEL
5049,CGRA U2 UP4 DEL CRYO Clos
5065,CGRA U2 UP4 DEL CRYO Clos IRRA
5041,CGRA U2 UP4 DEL CRYO N Clos
5057,CGRA U2 UP4 DEL CRYO NClos IRR
5017,CGRA U2 UP4 DEL DEPL Clos
5025,CGRA U2 UP4 DEL DEPL Clos IRRA
4898,CGRA U2 UP4 DEL IRRA
5033,CGRA U2 UP4 DEL RED VOL IRRA
5073,CGRA U2 UP4 SAGM DEL RED VOL
41008,CGR-CRYO SAGM après décongéla
LOY04,CHARGES LOCATIVES AVEC TVA
LOY05,CHARGES LOCATIVES AVEC TVA DOM
LOY03,CHARGES LOCATIVES EXONEREES
TUT15,Chips Cort Spong 4-10mm; V30cc
3307621,Chips Spong <=15cc Tuto Tours
TUT11,Chips Spong 4 - 10 mm; <= 15cc
TUT12,Chips Spong 4 - 10 mm; V= 15cc
TUT14,Chips Spong 4 - 10 mm; V= 30cc
3379879,"Chips Spong 4 - 10 mm, 15à30cc"
3342161,"Chips Spong 4 - 10 mm, =15cc"
TUT13,Chips Spong 4 -10 mm; 15 à30cc
SCACL,Chlorure de Calcium
M5502,CLAIRYG(50mg/ml)100ml /9347567
M5503,CLAIRYG(50mg/ml)200ml /9347596
M5504,CLAIRYG(50mg/ml)400ml /9347604
3381907,Clavicule Congelée
16498,CLP
B3111,CLP Non Qualif
B2111,CLP Qualif Lab
B1111,CLP Qualif Théra
CELAL,CMN ALLO-FACTURATION
CELAL2,CMN ALLO-FACTURATION DISTRI
16710,CMN AUTO
16705,CMN AUTO
16750,CMN AUTO CONG U1
16751,CMN AUTO CONG U2
16752,CMN AUTO CONG U3
16753,CMN AUTO CONG U4
16754,CMN AUTO CONG U5
16755,CMN AUTO CONG U6
16756,CMN AUTO CONG U7
16757,CMN AUTO CONG U8
16790,CMN AUTO CRYO UVA U1
16791,CMN AUTO CRYO UVA U2
16792,CMN AUTO CRYO UVA U3
16793,CMN AUTO CRYO UVA U4
16794,CMN AUTO CRYO UVA U5
16795,CMN AUTO CRYO UVA U6
16796,CMN AUTO CRYO UVA U7
16797,CMN AUTO CRYO UVA U8
16770,CMN AUTO CRYO U1
16771,CMN AUTO CRYO U2
16772,CMN AUTO CRYO U3
16773,CMN AUTO CRYO U4
16774,CMN AUTO CRYO U5
16775,CMN AUTO CRYO U6
16776,CMN AUTO CRYO U7
16777,CMN AUTO CRYO U8
CMN01,CMN AUTO MATIERE PREMIERE
16701,CMN AUTO UVA ET 8 METHOXYPSORA
CELAU,CMN AUTO-FACTURATION
CELAU2,CMN AUTO-FACTURATION DISTRI
3350752,Coin < ou = 15 cm3 Supercrit
TUT23,Coin Os Spong 20x10mm / 10°
TUT24,Coin Os Spong 20x10mm / 12°
TUT25,Coin Os Spong 20x10mm / 14°
TUT21,Coin Os Spong 20x10mm / 6°
TUT22,Coin Os Spong 20x10mm / 8°
BIO22,Coin os 30x30x10mm ang10 Super
BIO23,Coin os 30x30x12mm ang12 Super
BIO24,Coin os 30x30x14mm ang14 Super
BIO21,Coin os 30x30x8mm ang8 Super
COMB1,COMBUSTIBLES
49999,Compatibilisé
L3201,Concentré Cellu Mono Non Qual
L3202,Concentré de monocyt  Non Qual
L2202,Concentré de monocytes Qua Lab
L1202,Concentré monocytes Qualif Th
F1040,CONFIRMATION B19
CONG2A,Congelation <= -80
CONG3A,Congelation > -80 (Azote)
CONSP,CONSERVATION PAILLETTES
CONS2,Consommables divers
CONS3,Consommables divers DOM
DV030,Contamination Erythrocytaire
CTR01,CONTROLE MEDIAFILTRANT /MACO
CTR02,CONTROLE OLYMPUS CE /DIAGAST
CTR03,CONTROLE OLYMPUS FDA /DIAGAST
CTR04,CONTRÔLE QUALITE TRIMESTRIEL
TEMP3,Contrôle thermique départ
TEMP4,Contrôle thermique global
UCIL1,CONTROLE UCIL INTER-LABOS
3354862,Copeau Granule<15cm3 Supercrit
3363737,Copeau Granule<45cm3 Supercrit
3325620,Copeau Granule>45cm3 Supercrit
BIO11,Copeaux Os spon 10cc Supercrit
BIO12,Copeaux Os spon 25cc Supercrit
BIO13,Copeaux Os spon 50cc Supercrit
COR40,Cornée
CORFAC,Cornée - FACTURATION
COR55,Cornée bouchon
COR60,Cornée Congelée
COR70,Cornée Cryoconservée
COR30,Cornée en stock
COR00,Cornée Matière Première
COR01,Cornée MP Stem Alpha
COR20,Cornée Organoculture
COR21,Cornée Organoculture Stemalpha
COR99,Cornée partie Antérieure
COR50,Cornée partie Endothéliale
COR51,Cornée partie Endothéliale N°2
COR10,Cornée Réceptionnée
COR11,Cornée Réceptionnée Stemalpha
COR41,Cornée Stem Alpha
COR31,Cornée Stemalpha en stock
COR32,Cornée Stemalpha 2 en stock
COR80,Cornée Usage Scientifique
COTAU,Côte AUTO-FACTURATION
COT20,Côte Autologue Congelée
COT00,Côte Autologue M P
COT10,Côte Autologue Réceptionnée
TC45161,Coude Import / 3316784
RFID2,COUT POOLAGE LFB B19 VHA
50600,CP pour essai clinique EFFIPAP
12702,CPA AUTO
12704,CPA AUTO CONG
12705,CPA AUTO CRYO
40,CPA Auto MP APHERESE
41048,CPA Auto-Cryoconservé
13167,CPA Avant ILLUMI attente DEPL
41022,CPA- CMV négatif
B2202,CPA Congelé Qualif Lab
B1202,CPA Congelé Qualif Théra
41026,CPA- Cryoconservé
41025,CPA- Déplasmatisé
13999,CPA en Attente de DEPL
B3221,CPA IA < 5 jours NQ
B2221,CPA IA < 5 jours QL
B2223,CPA IA > 5 jours QL
B1221,CPA IA < 5 jours QT
B1223,CPA IA > 5 jours QT
B3222,CPA IA Congelé NQ
B2222,CPA IA Congelé QL
B1222,CPA IA Congelé QT
41027,CPA- Irradié
42,CPA MP APHERESE
KOIAC,CPA Non Conf. Avant ILLUMI
B3201,CPA Non Qualif
41021,CPA- Phénotypé
B2208,CPA phénotypé Qualif Lab
B1208,CPA phénotypé Qualif Théra
41081,CPA (prel sup à 7.49 * 10^11)
41070,CPA (prel 2 à 2.49 *10^11)
41071,CPA (prel 2.5 à 2.99 * 10^11)
41072,CPA (prel 3 à 3.49 * 10^11)
41073,CPA (prel 3.5 à 3.99 * 10^11)
41074,CPA (prel 4 à 4.49 * 10^11)
41075,CPA (prel 4.5 à 4.99 * 10^11)
41076,CPA (prel 5 à 5.49 * 10^11)
41077,CPA (prel 5.5 à 5.99 * 10^11)
41078,CPA (prel 6 à 6.49 * 10^11)
41079,CPA (prel 6.5 à 6.99 * 10^11)
41080,CPA (prel 7 à 7.49 * 10^11)
B2201,CPA Qualif Lab
B2203,CPA Qualif Lab Périmé
B1201,CPA Qualif Théra
B1203,CPA Qualif Théra Périmé
41028,CPA- Réduction de volume
13166,CPA SOLUTION DEL Avant ILLUMI
13163,CPA UA AMOTO DEL
13400,CPA UA AMOTO DEL DEPL
13172,CPA UA AMOTO DEL DS
13171,CPA UA AMOTO DEL LV
13300,CPA UA AMOTO DEL RED VOL
13170,CPA UA AMOTO DEL SV
13008,CPA UA DEL
12513,CPA UA DEL CONG 2 ANS 
12515,CPA UA DEL CONG 2 ANS IRRA 
12517,CPA UA DEL CONG 3 ANS 
12520,CPA UA DEL CONG 3 ANS IRRA
13027,CPA UA DEL CRYO
13029,CPA UA DEL CRYO IRRA
13012,CPA UA DEL DEPL
13104,CPA UA DEL DEPL CRYO
13025,CPA UA DEL DEPL IRRA
13021,CPA UA DEL IRRA
13032,CPA UA DEL RED VOL
13033,CPA UA DEL RED VOL IRRA
13199,CPA UA INTERSOL DEL
13200,CPA UA INTERSOL DEL IRRA
13164,CPA UA MIRASOL DEL
13165,CPA UA MIRASOL DEL IRRA
13141,CPA UA SSP+  DEL
13143,CPA UA SSP DEL
13142,CPA UA SSP+ DEL IRRA
13145,CPA UA SSP DEL IRRA
13655,CPA UD AMOTO U1 DEL
13660,CPA UD AMOTO U1 DEL DEPL
13665,CPA UD AMOTO U1 DEL RED VOL
13755,CPA UD AMOTO U2 DEL
13760,CPA UD AMOTO U2 DEL DEPL
13765,CPA UD AMOTO U2 DEL RED VOL
13600,CPA UD INTERSOL U1 DEL
13601,CPA UD INTERSOL U1 DEL IRRA
13700,CPA UD INTERSOL U2 DEL
13701,CPA UD INTERSOL U2 DEL IRRA
13610,CPA UD SSP+ U1 DEL
13611,CPA UD SSP+ U1 DEL IRRA
13710,CPA UD SSP+ U2 DEL
13711,CPA UD SSP+ U2 DEL IRRA
13620,CPA UD U1 DEL
13632,CPA UD U1 DEL DEPL
13633,CPA UD U1 DEL DEPL IRRA
13621,CPA UD U1 DEL IRRA
13642,CPA UD U1 DEL RED VOL
13643,CPA UD U1 DEL RED VOL IRRA
13720,CPA UD U2 DEL
13732,CPA UD U2 DEL DEPL
13733,CPA UD U2 DEL DEPL IRRA
13721,CPA UD U2 DEL IRRA
13742,CPA UD U2 DEL RED VOL
13743,CPA UD U2 DEL RED VOL IRRA
13670,CPA UD 1 DEL CONG 2 ANS 
13671,CPA UD 1 DEL CONG 2 ANS IRRA 
13672,CPA UD 1 DEL CONG 3 ANS 
13673,CPA UD 1 DEL CONG 3 ANS IRRA 
13652,CPA UD 1 DEL CRYO
13653,CPA UD 1 DEL CRYO IRRA
13654,CPA UD 1 DEL DEPL CRYO
13770,CPA UD 2 DEL CONG 2 ANS 
13771,CPA UD 2 DEL CONG 2 ANS IRRA 
13772,CPA UD 2 DEL CONG 3 ANS 
13773,CPA UD 2 DEL CONG 3 ANS IRRA 
13752,CPA UD 2 DEL CRYO
13753,CPA UD 2 DEL CRYO IRRA
13754,CPA UD 2 DEL DEPL CRYO
13201,CPA UP AMOTO U1 DEL
13401,CPA UP AMOTO U1 DEL DEPL
13301,CPA UP AMOTO U1 DEL RED VOL
13202,CPA UP AMOTO U2 DEL
13402,CPA UP AMOTO U2 DEL DEPL
13302,CPA UP AMOTO U2 DEL RED VOL
13203,CPA UP AMOTO U3 DEL
13403,CPA UP AMOTO U3 DEL DEPL
13303,CPA UP AMOTO U3 DEL RED VOL
13204,CPA UP AMOTO U4 DEL
13404,CPA UP AMOTO U4 DEL DEPL
13304,CPA UP AMOTO U4 DEL RED VOL
13233,CPA UP AMOTO U5 DEL
13405,CPA UP AMOTO U5 DEL DEPL
13305,CPA UP AMOTO U5 DEL RED VOL
13234,CPA UP AMOTO U6 DEL
13406,CPA UP AMOTO U6 DEL DEPL
13306,CPA UP AMOTO U6 DEL RED VOL
13236,CPA UP AMOTO U7 DEL
13407,CPA UP AMOTO U7 DEL DEPL
13307,CPA UP AMOTO U7 DEL RED VOL
13237,CPA UP AMOTO U8 DEL
13408,CPA UP AMOTO U8 DEL DEPL
13308,CPA UP AMOTO U8 DEL RED VOL
13205,CPA UP INTERSOL U1 DEL
13206,CPA UP INTERSOL U1 DEL IRRA
13241,CPA UP INTERSOL U10 DEL
13243,CPA UP INTERSOL U10 DEL IRRA
13207,CPA UP INTERSOL U2 DEL
13208,CPA UP INTERSOL U2 DEL IRRA
13209,CPA UP INTERSOL U3 DEL
13210,CPA UP INTERSOL U3 DEL IRRA
13211,CPA UP INTERSOL U4 DEL
13212,CPA UP INTERSOL U4 DEL IRRA
13520,CPA UP INTERSOL U5 DEL
13522,CPA UP INTERSOL U5 DEL IRRA
13213,CPA UP INTERSOL U6 DEL
13216,CPA UP INTERSOL U6 DEL IRRA
13214,CPA UP INTERSOL U7 DEL
13217,CPA UP INTERSOL U7 DEL IRRA
13215,CPA UP INTERSOL U8 DEL
13218,CPA UP INTERSOL U8 DEL IRRA
13240,CPA UP INTERSOL U9 DEL
13242,CPA UP INTERSOL U9 DEL IRRA
13501,CPA UP SSP+ U1 DEL
13147,CPA UP SSP U1 DEL
13511,CPA UP SSP+ U1 DEL IRRA
13148,CPA UP SSP U1 DEL IRRA
13245,CPA UP SSP+ U10 DEL
13247,CPA UP SSP+ U10 DEL IRRA
13502,CPA UP SSP+ U2 DEL
13149,CPA UP SSP U2 DEL
13512,CPA UP SSP+ U2 DEL IRRA
13150,CPA UP SSP U2 DEL IRRA
13503,CPA UP SSP+ U3 DEL
13151,CPA UP SSP U3 DEL
13513,CPA UP SSP+ U3 DEL IRRA
13152,CPA UP SSP U3 DEL IRRA
13504,CPA UP SSP+ U4 DEL
13153,CPA UP SSP U4 DEL
13514,CPA UP SSP+ U4 DEL IRRA
13154,CPA UP SSP U4 DEL IRRA
13505,CPA UP SSP+ U5 DEL
13515,CPA UP SSP+ U5 DEL IRRA
13506,CPA UP SSP+ U6 DEL
13516,CPA UP SSP+ U6 DEL IRRA
13507,CPA UP SSP+ U7 DEL
13517,CPA UP SSP+ U7 DEL IRRA
13508,CPA UP SSP+ U8 DEL
13518,CPA UP SSP+ U8 DEL IRRA
13244,CPA UP SSP+ U9 DEL
13246,CPA UP SSP+ U9 DEL IRRA
13043,CPA UP U1 DEL
13075,CPA UP U1 DEL CONG
13078,CPA UP U1 DEL CRYO
13131,CPA UP U1 DEL CRYO IRRA
13123,CPA UP U1 DEL DEPL
13126,CPA UP U1 DEL DEPL IRRA
13052,CPA UP U1 DEL IRRA
13081,CPA UP U1 DEL RED VOL
13073,CPA UP U1 DEL RED VOL IRRA
13249,CPA UP U10 DEL CLOS
13251,CPA UP U10 DEL IRRA
13062,CPA UP U2 DEL
13076,CPA UP U2 DEL CONG
13079,CPA UP U2 DEL CRYO
13132,CPA UP U2 DEL CRYO IRRA
13124,CPA UP U2 DEL DEPL
13127,CPA UP U2 DEL DEPL IRRA
13071,CPA UP U2 DEL IRRA
13082,CPA UP U2 DEL RED VOL
13074,CPA UP U2 DEL RED VOL IRRA
13091,CPA UP U3 DEL
13077,CPA UP U3 DEL CONG
13080,CPA UP U3 DEL CRYO
13133,CPA UP U3 DEL CRYO IRRA
13125,CPA UP U3 DEL DEPL
13128,CPA UP U3 DEL DEPL IRRA
13100,CPA UP U3 DEL IRRA
13103,CPA UP U3 DEL RED VOL
13102,CPA UP U3 DEL RED VOL IRRA
13113,CPA UP U4 DEL
13529,CPA UP U4 DEL CONG
13531,CPA UP U4 DEL CRYO
13525,CPA UP U4 DEL CRYO IRRA
13193,CPA UP U4 DEL DEPL
13196,CPA UP U4 DEL DEPL IRRA
13122,CPA UP U4 DEL IRRA
13523,CPA UP U4 DEL RED VOL
13527,CPA UP U4 DEL RED VOL IRRA
13134,CPA UP U5 DEL
13530,CPA UP U5 DEL CONG
13532,CPA UP U5 DEL CRYO
13526,CPA UP U5 DEL CRYO IRRA
13194,CPA UP U5 DEL DEPL
13197,CPA UP U5 DEL DEPL IRRA
13136,CPA UP U5 DEL IRRA
13524,CPA UP U5 DEL RED VOL
13528,CPA UP U5 DEL RED VOL IRRA
13135,CPA UP U6 DEL CLOS
13260,CPA UP U6 DEL CONG
13266,CPA UP U6 DEL CRYO
13271,CPA UP U6 DEL CRYO IRRA
13195,CPA UP U6 DEL DEPL
13198,CPA UP U6 DEL DEPL IRRA
13137,CPA UP U6 DEL IRRA
13227,CPA UP U6 DEL RED VOL
13230,CPA UP U6 DEL RED VOL IRRA
13219,CPA UP U7 DEL CLOS
13262,CPA UP U7 DEL CONG
13267,CPA UP U7 DEL CRYO
13272,CPA UP U7 DEL CRYO IRRA
13223,CPA UP U7 DEL DEPL
13225,CPA UP U7 DEL DEPL IRRA
13221,CPA UP U7 DEL IRRA
13228,CPA UP U7 DEL RED VOL
13231,CPA UP U7 DEL RED VOL IRRA
13220,CPA UP U8 DEL CLOS
13263,CPA UP U8 DEL CONG
13268,CPA UP U8 DEL CRYO
13273,CPA UP U8 DEL CRYO IRRA
13224,CPA UP U8 DEL DEPL
13226,CPA UP U8 DEL DEPL IRRA
13222,CPA UP U8 DEL IRRA
13229,CPA UP U8 DEL RED VOL
13232,CPA UP U8 DEL RED VOL IRRA
13248,CPA UP U9 DEL CLOS
13250,CPA UP U9 DEL CLOS IRRA
12080,CPS DEL
12037,CPS DEL clos
12055,CPS DEL IRRA
12605,CPS NON Déleucocyté
B3110,CPS Non Qualif
B2110,CPS Qualif Lab
B1110,CPS Qualif Théra
PTU02,CPTU
TUT42,Crête Iliaque 10x 25 x7mm 
TUT41,Crête Iliaque 16x 25 x7mm 
T2019,Cryotube QL
CSL02,CS - Consultation spécialiste
7020,CSMO  ALLO IN PROCESS
CSMO01,CSMO  ALLO MATIERE PREMIERE
7001,CSMO  AUTO IN PROCESS
7000,CSMO  AUTO MATIERE PREMIERE
7050,CSMO ALLO CONCENTRE
7033,CSMO ALLO CONG U1
7035,CSMO ALLO CONG U2
7037,CSMO ALLO CONG U3
7039,CSMO ALLO CONG U4
7041,CSMO ALLO CONG U5
7043,CSMO ALLO CONG U6
7023,CSMO ALLO CRYOC MELANGE
7034,CSMO ALLO CRYOC U1
7036,CSMO ALLO CRYOC U2
7038,CSMO ALLO CRYOC U3
7040,CSMO ALLO CRYOC U4
7042,CSMO ALLO CRYOC U5
7044,CSMO ALLO CRYOC U6
7022,CSMO ALLO DEPLASMATISE
7021,CSMO ALLO DESERYTHOCYTE
7052,CSMO ALLO SEPARE
7024,CSMO ALLO TRAITE
7061,CSMO ALLO TRAITE CONG U1
7062,CSMO ALLO TRAITE CONG U2
7063,CSMO ALLO TRAITE CONG U3
7064,CSMO ALLO TRAITE CONG U4
7065,CSMO ALLO TRAITE CONG U5
7066,CSMO ALLO TRAITE CONG U6
7025,CSMO ALLO TRAITE CRYOC MELANGE
7071,CSMO ALLO TRAITE CRYOC U1
7072,CSMO ALLO TRAITE CRYOC U2
7073,CSMO ALLO TRAITE CRYOC U3
7074,CSMO ALLO TRAITE CRYOC U4
7075,CSMO ALLO TRAITE CRYOC U5
7076,CSMO ALLO TRAITE CRYOC U6
7053,CSMO ALLO TRAITE SEPARE
7220,CSMO AUTO A USAGE ORTHOPEDIQUE
7200,CSMO AUTO CONCENTRE
7008,CSMO AUTO CONG DESERYTHRO U1
7208,CSMO AUTO CONG DESERYTHRO U2
7209,CSMO AUTO CONG DESERYTHRO U3
7210,CSMO AUTO CONG DESERYTHRO U4
7221,CSMO AUTO CONG DESERYTHRO U5
7222,CSMO AUTO CONG DESERYTHRO U6
7006,CSMO AUTO CONG TRAITE U1
7205,CSMO AUTO CONG TRAITE U2
7206,CSMO AUTO CONG TRAITE U3
7207,CSMO AUTO CONG TRAITE U4
7223,CSMO AUTO CONG TRAITE U5
7224,CSMO AUTO CONG TRAITE U6
7011,CSMO AUTO CONG U1
7202,CSMO AUTO CONG U2
7203,CSMO AUTO CONG U3
7204,CSMO AUTO CONG U4
7225,CSMO AUTO CONG U5
7226,CSMO AUTO CONG U6
7003,CSMO AUTO CRYO DESERYTHRO
7215,CSMO AUTO CRYO DESERYTHRO U1
7216,CSMO AUTO CRYO DESERYTHRO U2
7217,CSMO AUTO CRYO DESERYTHRO U3
7218,CSMO AUTO CRYO DESERYTHRO U4
7227,CSMO AUTO CRYO DESERYTHRO U5
7228,CSMO AUTO CRYO DESERYTHRO U6
7211,CSMO AUTO CRYO TRAITE U1
7212,CSMO AUTO CRYO TRAITE U2
7213,CSMO AUTO CRYO TRAITE U3
7214,CSMO AUTO CRYO TRAITE U4
7229,CSMO AUTO CRYO TRAITE U5
7230,CSMO AUTO CRYO TRAITE U6
7015,CSMO AUTO CRYO U1
7016,CSMO AUTO CRYO U2
7017,CSMO AUTO CRYO U3
7018,CSMO AUTO CRYO U4
7231,CSMO AUTO CRYO U5
7232,CSMO AUTO CRYO U6
7019,CSMO AUTO CRYOCONSERVE
7004,CSMO AUTO CRYOCONSERVE TRAITE
7007,CSMO AUTO DESERYTHROCYTE
7002,CSMO AUTO TRAITE
16601,CSP  ALLO IN PROCESS
16600,CSP  ALLO MATIERE PREMIERE
16799,CSP  AUTO  MATIERE PREMIERE
16721,CSP  AUTO IN PROCESS
16611,CSP ALLO CONG U1
16614,CSP ALLO CONG U2
16615,CSP ALLO CONG U3
16620,CSP ALLO CONG U4
16674,CSP ALLO CONG U5
16673,CSP ALLO CONG U6
16672,CSP ALLO CONG U7
16671,CSP ALLO CONG U8
16618,CSP ALLO CRYOC MELANGE
16635,CSP ALLO CRYOC TRAITE MELANGE
16603,CSP ALLO CRYOC U1
16616,CSP ALLO CRYOC U2
16617,CSP ALLO CRYOC U3
16621,CSP ALLO CRYOC U4
16678,CSP ALLO CRYOC U5
16677,CSP ALLO CRYOC U6
16676,CSP ALLO CRYOC U7
16675,CSP ALLO CRYOC U8
16619,CSP ALLO DEPLASMATISE
16630,CSP ALLO DESERYTHOCYTE
16607,CSP ALLO FRAIS FRACTION U1
16604,CSP ALLO FRAIS FRACTION U2
16605,CSP ALLO FRAIS FRACTION U3
16606,CSP ALLO FRAIS FRACTION U4
16682,CSP ALLO FRAIS FRACTION U5
16681,CSP ALLO FRAIS FRACTION U6
16680,CSP ALLO FRAIS FRACTION U7
16679,CSP ALLO FRAIS FRACTION U8
16651,CSP ALLO SEPARE
16650,CSP ALLO SEPARE DEPLASMATISE
16652,CSP ALLO SEPARE DESERYTHROCYTE
16780,CSP ALLO SEPARE TRAITE
16700,CSP ALLO TRAITE
16707,CSP ALLO TRAITE CONG U1
16737,CSP ALLO TRAITE CONG U2
16698,CSP ALLO TRAITE CONG U3
16697,CSP ALLO TRAITE CONG U4
16690,CSP ALLO TRAITE CONG U5
16689,CSP ALLO TRAITE CONG U6
16688,CSP ALLO TRAITE CONG U7
16687,CSP ALLO TRAITE CONG U8
16702,CSP ALLO TRAITE CRYOC U1
16738,CSP ALLO TRAITE CRYOC U2
16696,CSP ALLO TRAITE CRYOC U3
16695,CSP ALLO TRAITE CRYOC U4
16694,CSP ALLO TRAITE CRYOC U5
16693,CSP ALLO TRAITE CRYOC U6
16692,CSP ALLO TRAITE CRYOC U7
16691,CSP ALLO TRAITE CRYOC U8
16610,CSP ALLO TRAITE FRACTION U1
16608,CSP ALLO TRAITE FRACTION U2
16609,CSP ALLO TRAITE FRACTION U3
16699,CSP ALLO TRAITE FRACTION U4
16686,CSP ALLO TRAITE FRACTION U5
16685,CSP ALLO TRAITE FRACTION U6
16684,CSP ALLO TRAITE FRACTION U7
16683,CSP ALLO TRAITE FRACTION U8
CSPAL,CSP ALLO-FACTURATION
CSPAL2,CSP ALLO-FACTURATION DISTRI
16708,CSP AUTO CONG U 1
16717,CSP AUTO CONG U 2
16718,CSP AUTO CONG U 3
16723,CSP AUTO CONG U 4
16724,CSP AUTO CONG U 5
16725,CSP AUTO CONG U 6
16726,CSP AUTO CONG U 7
16727,CSP AUTO CONG U 8
16760,CSP AUTO CONG U 9
16761,CSP AUTO CONG U10
16706,CSP AUTO CRYOC U 1
16728,CSP AUTO CRYOC U 2
16729,CSP AUTO CRYOC U 3
16730,CSP AUTO CRYOC U 4
16731,CSP AUTO CRYOC U 5
16732,CSP AUTO CRYOC U 6
16733,CSP AUTO CRYOC U 7
16734,CSP AUTO CRYOC U 8
16762,CSP AUTO CRYOC U 9
16763,CSP AUTO CRYOC U10
16735,CSP AUTO CRYOCONSERVE
16703,CSP AUTO TRAITE
16711,CSP AUTO TRAITE CONG U 1
16712,CSP AUTO TRAITE CONG U 2
16713,CSP AUTO TRAITE CONG U 3
16739,CSP AUTO TRAITE CONG U 4
16740,CSP AUTO TRAITE CONG U 5
16741,CSP AUTO TRAITE CONG U 6
16742,CSP AUTO TRAITE CONG U 7
16743,CSP AUTO TRAITE CONG U 8
16764,CSP AUTO TRAITE CONG U 9
16765,CSP AUTO TRAITE CONG U10
16714,CSP AUTO TRAITE CRYOC U 1
16715,CSP AUTO TRAITE CRYOC U 2
16716,CSP AUTO TRAITE CRYOC U 3
16744,CSP AUTO TRAITE CRYOC U 4
16745,CSP AUTO TRAITE CRYOC U 5
16746,CSP AUTO TRAITE CRYOC U 6
16747,CSP AUTO TRAITE CRYOC U 7
16748,CSP AUTO TRAITE CRYOC U 8
16766,CSP AUTO TRAITE CRYOC U 9
16767,CSP AUTO TRAITE CRYOC U10
16709,CSP AUTO TRAITE CRYOCONSERVE
CSPAU,CSP AUTO-FACTURATION
CSPAU2,CSP AUTO-FACTURATION DISTRI
F8000,CYTAPHERESE
CYT01,Cytaphérèse thérapeutique 
F7000,DEBOURSES / EXPERTISES
DECH1,DECHETS/MATERIEL MIS AU REBUT
3340469,Demi anneau OSTEOPURE
3348212,Demi Os Congelé
TC45157,DemiTendon rotulien/achil. Imp
BIO01,Demi-Tête fémorale Supercrit
ANTIT,Dépistage Antiteta
F1020,DEPISTAGE B19 SUR POOL DE 300
BIO50,Disque spongieux Biobank 40x10
BIO51,Disque spongieux Biobank 40x15
7110,DLI  ALLO IN PROCESS
7100,DLI  ALLO MATIERE PREMIERE
7141,DLI ALLO CONG U1
7250,DLI ALLO CONG U10
7142,DLI ALLO CONG U2
7143,DLI ALLO CONG U3
7144,DLI ALLO CONG U4
7145,DLI ALLO CONG U5
7146,DLI ALLO CONG U6
7147,DLI ALLO CONG U7
7148,DLI ALLO CONG U8
7249,DLI ALLO CONG U9
7150,DLI ALLO CRYOC MELANGE
7151,DLI ALLO CRYOC U1
7260,DLI ALLO CRYOC U10
7152,DLI ALLO CRYOC U2
7153,DLI ALLO CRYOC U3
7154,DLI ALLO CRYOC U4
7155,DLI ALLO CRYOC U5
7156,DLI ALLO CRYOC U6
7157,DLI ALLO CRYOC U7
7158,DLI ALLO CRYOC U8
7259,DLI ALLO CRYOC U9
7120,DLI ALLO DEPLASMATISE
7131,DLI ALLO FRAIS FRACTION U1
7132,DLI ALLO FRAIS FRACTION U2
7133,DLI ALLO FRAIS FRACTION U3
7134,DLI ALLO FRAIS FRACTION U4
7135,DLI ALLO FRAIS FRACTION U5
7136,DLI ALLO FRAIS FRACTION U6
7137,DLI ALLO FRAIS FRACTION U7
7138,DLI ALLO FRAIS FRACTION U8
7115,DLI ALLO SEPARE
7125,DLI ALLO SEPARE DEPLASMATISE
IN330,DMU Amotosalen CP DS
IN320,DMU Amotosalen CP grand Vol
IN310,DMU Amotosalen CP petit Vol
IN430,DMU Amotosalen PL
IN420,DMU BM avec F
IN410,DMU BM sans F
PH780,DMU poche saignée simple
PH781,DMU poche saignée simple ISBT
PR640,DMU Poche transfert Congél
AA200,DMU prélèv autol CGR A
PA720,DMU prélèv autol ST FST
PA710,DMU prélèv autol ST Sans F
PH770,DMU prélèv ST Aut Antico
PH771,DMU prélèv ST Citrate
PH730,DMU prélèv ST Flt CGR
PH740,DMU prélèv ST Flt CGR+PL
PH750,DMU prélèv ST Flt PL
PH720,DMU prélèv ST Flt ST
PH710,DMU prélèv ST Sans F
PH760,DMU prélèv ST Ss Anticoag
PH761,DMU prélèv ST Ss Anticoag ISBT
PR320,DMU Prép MCP F
PR650,DMU Prép tout Echantillon
PR610,DMU Prép tout Mélange
PR611,DMU Prép tout Mélange ISBT128
PR630,DMU Prép tout Pédiatrique
PR620,DMU Prép tout Transfert
PR621,DMU Prép tout Transfert ISBT
PR440,DMU 1P + F (Remplacé par FC400
PR660,DMU 3P
PR430,DMU 3P + F (Remplacé par FC410
DIV05,ECH. PLAS. - PRESTATION COMPL.
ECHE3,Echange érythrocytaire - CHU
ECHE2,Echange érythrocytaire machine
ECHE1,Echange érythrocytaire manuel
ECHP1,Echange plasmatique
CQLDCGR,Echantillon ANO CGR
CQLDCP,Echantillon ANO CP
CQLDPS,Echantillon ANO PFCS
CQLDPPFD,Echantillon ANO PPFD
CQLDPSL,Echantillon ANO PSL
CQPEGR,Echantillon PE CGR
CQGRDPLAS,Echantillon PE CGR Déplasmatis
CQPEGRPE,Echantillon PE CGR Périmé
CQPECP,Echantillon PE CP
CPECPDPLAS,Echantillon PE CP Déplasmatisé
CQPECPPE,Echantillon PE CP Périmé
CQPEPS,Echantillon PE PFC avant Cong
CQPEPF,Echantillon PE PPFD avant cong
CQPEPPFD,Echantillon PE PPFD congelé
CQPEPV1,Echantillon PE PVA avant Cong
CQPEPVA,Echantillon PE PVA Congelé
CQQACGR,Echantillon QUALIF CGR
CQQACP,Echantillon QUALIF CP
CQQAPS,Echantillon QUALIF PFCS
CQQAPPFD,Echantillon QUALIF PPFD
ECHA1,Echantillothèque
QCPIA,EFFIPAP Bras IA
QCPSC,EFFIPAP Bras Intersol
QCPPL,EFFIPAP Bras Plasma
EFCPA,EFFIPAP CPA
EFMCP,EFFIPAP MCP
EMB03,Emballage Traçabilité
EMB02,Emballages GM
EMB01,Emballages PM
EPUR1,Epuration plasmatique aphérèse
ERYA1,Erythro Aphérèse (machine)
RFID1,ETIQUETTES RFID POSE - LFB
ETUD2,ETUDE EN TRANSFUSION-DIVERS
ETUD1,ETUDE EN TRANSFUSION-RECHERCHE
ETUD4,ETUDE HORS TRANSF.-DIVERS
ETUD8,ETUDE HORS TRANSF-DIVERS A ETS
ETUD7,ETUDE HORS TRANSF.-RECH. A ETS
ETUD3,ETUDE HORS TRANSF.-RECHERCHE
ETUD6,ETUDE TRANSF.-DIVERS A ETS
ETUD5,ETUDE TRANSF.-RECHERCHE A ETS
FCU25,F Cutané AB Congelé -150°C
FCU22,F Cutané AB Congelé -150°C
FCU23,F Cutané AB Congelé -150°C
FCU24,F Cutané AB Congelé -150°C
FCU21,F Cutané AB Congelé -150°C
FCU31,F Cutané AB Congelé -80°C
FCU26,F Cutané AB Congelé -80°C
FCU32,F Cutané AB Congelé -80°C
FCU33,F Cutané AB Congelé -80°C
FCU34,F Cutané AB Congelé -80°C
FCU45,F Cutané AB Cryoconservé
M2923,FACTANE 1000          /9225918
M2921,FACTANE 250           /9225924
M2922,FACTANE 500           /9225930
TUT32,Filler pour Cage 12x 12 x7mm 
F3001,Filtre à déleucocyter Non Qual
F2001,Filtre à déleucocyter Qual Lab
F1001,Filtre à déleucocyter Qualif T
NTH01,Flacon NTH
FC200,Flt connect CGR
FC400,Flt connect PL 1 P
FC410,Flt connect PL 3 P
FC300,Flt connect Plaquettes
FC310,Flt connect Plaquettes/pieuvre
41084,Forfait Auto CGR
41083,Forfait Auto CGR Erythra
METR21,Forfait déplacement réel
METR22,Forfait frais envois 
1137095,Forfait transfusion PERFADOM23
FORF3,FORF.REPRISE GREFFON TISSU
FORF1,FORF.REPRISE PSL- DELIVRANCE
FORF2,FORF.REPRISE PSL- DISTRIBUTION
FORM1,FORMATION AVEC AGREMENT
FORM2,FORMATION SANS AGREMENT
FORM3,FORMATION SANS AGREMENT DOM
FCUFAC,Frag. Cutanés - FACTURATION
FCU17,Fragment Cutané AB
FCU19,Fragment Cutané AB
FCU18,Fragment Cutané AB
FCU15,Fragment Cutané AB
FCU16,Fragment Cutané AB
FCP15,Fragment Cutané per op Antibio
FCP00,Fragment Cutané per op MP
FCP10,Fragment Cutané per Op Récept.
FCU10,Fragment Cutané Réceptionné
FCU11,Fragment Cutané Réceptionné 1
FCU12,Fragment Cutané Réceptionné 2
FCU13,Fragment Cutané Réceptionné 3
FCU14,Fragment Cutané Réceptionné 4
3377604,Fragment osseux <15ccOSTEOPURE
3350338,Fragment osseux>15cc OSTEOPURE
FCU00,Fragments Cutanés M P
CSL03,G - Consultation généraliste
M5699,GAMMA GARD  10 G      /9199055
ALT01,Gracilis Tendon
ALT23,Graftlink
BIO16,Granules Os spongieux 18cc
BIO15,Granules Os spongieux 7cc
3331163,Hémi ou demi Tête OSTEOPURE
TC45158,Hémi-bassin complet Import
3319848,Hémi-Bassin Congelé
TUT01,Hémitête Fémorale (France)
TUT02,Hémitête Fémorale (Import)
3349571,Hémitête Fémorale Tuto Import
INTAP,Illuminateur Intercept
IMMO1,IMMOBILISATIONS TVA 0
IMMO2,IMMOBILISATIONS TVA 20
INTE2,INDEMNITE FORFAITAIRE RECOUV
TEMP1,Indicateur T° non rendu 
TEMP2,Indicateur T° tracabilité
INJ02,Injection intraveineuse- AMI 2
AMI01,Injection sous cutanée - AMI 1
DVMO1,INSCRIPTION DVMO HLA
DVMO2,INSCRIPTION DVMO SANS HLA
ILLUOK,Intercept Illumination OK.(=1)
INTE1,INTERETS MORATOIRES
AH500,Kit Aphér. Autres Cellules
AH200,Kit Aphér. CGR 
AH117,Kit Aphér. CGR/CPA/PL 10.4
AH118,Kit Aphér. CGR/CPA/PL 10.6
AH115,Kit Aphér. CGR+PL 10.4
AH300,Kit Aphér. CPA
AH110,Kit Aphér. CPA +CGR
AH111,Kit Aphér. CPA+PL  10.4
AH113,Kit Aphér. CPA+PL  10^4 Filtre
AH112,Kit Aphér. CPA+PL  10.6
AH410,Kit Aphér. PL  10 4
AH430,Kit Aphér. PL  10 ^4 Filtre
AH420,Kit Aphér. PL 10 6
KITEE,Kit Ech. Erythro
EC200,Kit échange CGR
KITEP,Kit Echange (EP et EH)
CS200,Kit échange érythro./érythra.
EC400,Kit échange PL
CS400,Kit échange plasmatique
CS410,Kit épuration plasmatique
LA620,Kit lavage Cryoconservateur
LA610,Kit lavage Frais
CS600,Kit photophérèse
KITTH,Kit Thérakos
TC900,Kit thérapie cellulaire Moelle
LAMWAF,Lame TSCD Wafers
LEUC1,Leucytaphérèse Adacolumn
LOY02,LOCAUX  MAD - LOYERS AVEC TVA
LOY01,LOCAUX  MAD - LOYERS EXONERES
MBAFAC,M. Amio. - FACTURATION
MBA30,M. Amniotique Fragment Congelé
ACP215,Machine ACP 215 Haemonetics
COBE,Machine COBE
MADP1,MAD PERSONNEL AVEC TVA
MADP2,MAD PERSONNEL SANS TVA
MAIN1,MAINTENANCE INFORMATIQUE
MAIN2,MAINTENANCES AUTRES  D7
MCG01,Majoration coordination MCG
MBA35,M.Amnio Frag.Congelé Scient.
MADM1,MATERIEL MAD
12111,MCP AVEC SOL ARTI DE CONS DEL
12104,MCP AVEC SSP DEL
12105,MCP AVEC SSP DEL IRRA
12102,MCP AVEC T-SOL DEL
12103,MCP AVEC T-SOL DEL IRRA
B3104,MCP Congelé Non Qualifié
B2104,MCP Congelé Qualif Lab
B1104,MCP Congelé Qualif Théra
12038,MCP DEL
12058,MCP DEL DEPL
12066,MCP DEL DEPL IRRA
12056,MCP DEL IRRA
12901,MCP DEL RED VOL
12902,MCP DEL RED VOL IRRA
B3107,MCP en Plasma Non Qualif 
B2107,MCP en Plasma Qualif Lab
B1107,MCP en Plasma Qualif Théra
B1102,MCP en sol. Qual. Théra Périmé
B1103,MCP en solution QT NC
B2103,MCP en solution Qualif Lab
B3123,MCP IA < 5 jours NQ
B2123,MCP IA < 5 jours QL
B2122,MCP IA > 5 jours QL
B1123,MCP IA < 5 jours QT
B1122,MCP IA > 5 jours QT
B3124,MCP IA Congelé NQ
B2124,MCP IA Congelé QL
B1124,MCP IA Congelé QT
B3103,MCP Non Qualif
B2109,MCP phénotypé Qualif Lab
B1109,MCP phénotypé Qualif Théra
B1108,MCP Qual. Théra Périmé
B2102,MCP Qualif Lab Périmé
12094,MCPS AMOTO DEL
12096,MCPS AMOTO DEL DEPL
12122,MCPS AMOTO DEL DS
12121,MCPS AMOTO DEL LV
12097,MCPS AMOTO DEL RED VOL
12120,MCPS AMOTO DEL SV
12250,MCPS AMOTO DEL UD1
12251,MCPS AMOTO DEL UD1 DEPL
12252,MCPS AMOTO DEL UD1 RED VOL
12260,MCPS AMOTO DEL UD2
12261,MCPS AMOTO DEL UD2 DEPL
12262,MCPS AMOTO DEL UD2 RED VOL
12098,MCPS AMOTO Intermédiaire
41018,MCPS- Cryoconservé
41067,MCPS- Déplasmatisé
12199,MCPS INTERSOL DEL
12200,MCPS INTERSOL DEL IRRA
41068,MCPS- Irradié
12095,MCPS MIRASOL DEL MIRASOL
KOIAM,MCPS Non Conf. Avant ILLUMI
41013,MCPS- Phénotypé
41069,MCPS- Réduction de volume
12099,MCPS SOLUTION DEL Avant ILLUMI
12106,MCPS SSP+ DEL
12107,MCPS SSP+ DEL IRRA
41014,MCPS-CMV négatif
12100,MELAN CLP AVEC SOLU ARTIF CONS
C2105,Mélange CGR Qualif Lab
C1105,Mélange CGR Qualif Théra
12101,MELANGE CLP
12092,MELANGE CPS
41055,Mélange CPS 1.00 à 1.49*10^11
41056,Mélange CPS 1.50 à 1.99*10^11
41057,Mélange CPS 2.00 à 2.49*10^11
41058,Mélange CPS 2.50 à 2.99*10^11
41059,Mélange CPS 3.00 à 3.49*10^11
41060,Mélange CPS 3.50 à 3.99*10^11
41061,Mélange CPS 4.00 à 4.49*10^11
41062,Mélange CPS 4.50 à 4.99*10^11
41063,Mélange CPS 5.00 à 5.49*10^11
41064,Mélange CPS 5.50 à 5.99*10^11
41065,Mélange CPS 6.00 à 6.49*10^11
41066,Mélange CPS 6.50 à 6.99*10^11
QMEP2,Mélange de PLasma Aphérèse
20322,mélange de plasma issu de ST
20323,mélange de plasma issu ST UD1
20324,mélange de plasma issu ST UD2
QMEP1,Mélange de PLasma ST
20333,MELANGE PFC A TRAITE POUR ATTE
20152,MELANGE PFC Sécurisé
20028,MELANGE PFC SECURISE ISSU ST
20334,MELANGE PFC ST IA AMOTOSALEN
20325,Mélange PFC-ST IA U1
20343,Mélange PFC-ST IA U1 Cryo
20326,Mélange PFC-ST IA U2
20344,Mélange PFC-ST IA U2 Cryo
20327,Mélange PFC-ST IA U3
20345,Mélange PFC-ST IA U3 Cryo
20328,Mélange PFC-ST IA U4
20346,Mélange PFC-ST IA U4 Cryo
20329,Mélange PFC-ST IA U5
20347,Mélange PFC-ST IA U5 Cryo
20330,Mélange PFC-ST IA U6
20348,Mélange PFC-ST IA U6 Cryo
P1204,Mélange PL Aph Qual Théra
P2204,Mélange PL Aph Qualif Lab
P2109,Mélange PL Citraté Q. Lab Cong
P2308,Mélange PL Défibriné Q. Lab
P1308,Mélange PL Défibriné Q. Théra
P1305,Mélange PL Mxt Qual Théra
P2305,Mélange PL Mxt Qualif Lab
P2103,Mélange PL ST Qualif Lab
P1103,Mélange PL ST Qualif Théra
20222,MELANGE PVA BM
20220,MELANGE PVA SD CRYO
50001,MELANGE SERUMS CONGS SECURS IS
50000,MELANGE SERUMS CONGS SECURS IS
MBA20,Membrane Amniotique Antibio
MBA00,Membrane Amniotique M P
ALT24,Meniscus left lateral
ALT25,Meniscus left medial
ALT26,Meniscus right lateral
ALT27,Meniscus right medial
TOS48,Ménisque / Tendon Cong
TC45160,Ménisque avec support os Imp.
TC45159,Ménisque isolé Import
MOEAL,MO ALLO-FACTURATION
MOEAL2,MO ALLO-FACTURATION DISTRI
MOEAU,MO AUTO-FACTURATION
MOEAU2,MO AUTO-FACTURATION DISTRI
ILLUM1,N° Chambre d' Illumination
Q9266,NTH  Femme
Q9267,NTH  Homme
Q9265,NTH AB laboratoire
QC020,NTH Ac. anti HLA sur PLasma Ap
QC018,NTH Ac. anti HLA sur PLasma ST
QC015,NTH Ac. anti HLA sur Sérum
QC021,NTH Ac. anti HPA sur PLasma Ap
QC019,NTH Ac. anti HPA sur PLasma ST
QC016,NTH Ac. anti HPA sur Sérum
Q9346,NTH Ag/Ac HBs nég
QC008,NTH Anti allergène sur Plasma
QC030,NTH Anti allergène sur sérum
QC009,NTH Anti erythrocyte (PL)
QC012,NTH Anti erythrocyte (SE)
Q9331,NTH anti HBs nég
Q9327,NTH anti HBs pos
Q9332,NTH Anti-PAL négatif
Q9313,NTH anti-paludisme pos
Q9357,NTH Aspergillus Positif
Q9358,NTH Candida Positif
Q9041,NTH CMV IgG > 400 UA/m(ACCESS)
Q9361,NTH CMV IgG negatif
Q9311,NTH CMV IgG Pos
Q9363,NTH CMV IgG pos faible
Q9365,NTH CMV IgG pos fort
Q9364,NTH CMV IgG pos medium
Q9001,NTH CMV IgG 100-350 (VIDAS)
Q9040,NTH CMV IgG 200-400 (ACCESS)
Q9002,NTH CMV IgG >400 (VIDAS)
Q9362,NTH CMV IgG/IgM neg
Q9330,NTH CMV IgM+ IgG faible avidit
Q9312,NTH CMV IgM Pos
Q9366,NTH CMV IgM pos faible
Q9368,NTH CMV IgM pos fort
Q9367,NTH CMV IgM pos medium 
Q9369,NTH CMV IgM pos très fort
Q9028,"NTH CMV IgM 1,3- 1,5  (VIDAS)"
Q9053,"NTH CMV IgM 1,5- 1,7  (VIDAS)"
Q9004,"NTH CMV IgM >1,7 (VIDAS)"
Q9054,"NTH CMV IgM >1,9  (VIDAS)"
Q9049,"NTH CMV IgM >2,5 (ACCESS)"
Q9310,NTH CMV négatif
QC011,NTH Constitution panel 3U (ST)
NTCPA,NTH CPA MP APHERESE
Q9390,NTH EBV EA IgG pos
Q9389,NTH EBV EBNA IgG pos
Q9386,NTH EBV IgG/M neg
Q9388,NTH EBV VCA IgG pos
Q9387,NTH EBV VCA IgM pos
QC003,NTH Groupe ABO RH spécifique
Q9315,NTH HAV T- IgM neg
Q9262,NTH HAV T négatif
Q9316,NTH HAV T positif
Q9360,NTH HIV ultra-neg 
Q9328,NTH H.Pylori IgG nég
Q9329,NTH H.Pylori IgG pos
NTLEU,NTH LEUCO MP APHERESE
Q9354,NTH Lipidique
Q9348,NTH Lyme IgG pos fort
Q9370,NTH Lyme IgG pos medium
Q9347,NTH Lyme IgM pos fort
Q9371,NTH Lyme IgM pos medium
Q9341,NTH Lyme négatif
QC031,NTH Majo Particularité IH
QC032,NTH Majoration Genotypage
Q9344,NTH MPG STD
Q9351,NTH M.Pneumoniae IgG Positif
Q9352,NTH M.Pneumoniae IgM Positif
Q9353,NTH M.Pneumoniae négatif
Q9345,NTH MSG STD
Q9324,NTH Multi Paramétrique
Q9334,NTH oreillons IgG neg
Q9335,NTH oreillons IgG pos
QC007,NTH Panel  11 U Ph élargi+Conv
QC006,NTH Panel  2-3U Ph élargi+Conv
QC026,NTH Panel 2-3U Phéno étendu
QC024,NTH petit volume - Plasma
QC002,NTH Phéno élargi sans associat
QC022,NTH Phéno étendu sans associat
QC004,NTH Phéno HLA basse résolution
QC017,NTH Phéno HLA haute résolution
QC005,NTH Phéno HPx (CP)
QC001,NTH Phéno RH KELL
QC010,NTH Phéno RH KELL (ST)
Q9355,NTH Plasma APH sans spécificit
NTPLA,NTH PLASMA MP APHERESE
Q9391,NTH Plasma ST sans spécificité
QC023,NTH poche cassée - Plasma
Q9263,NTH Pool Sérum mixte
QP005,NTH Prestation spécifique
QT010,NTH Prestation Temps  10 (0%)
QT015,NTH Prestation Temps  15 (0%)
QT030,NTH Prestation Temps  30 (0%)
QT005,NTH Prestation Temps  5 (0%)
QT060,NTH Prestation Temps  60 (0%)
QT110,NTH Prestation Temps 10(2.10%)
QT115,NTH Prestation Temps 15(2.10%)
QT130,NTH Prestation Temps 30(2.10%)
QT105,NTH Prestation Temps 5(2.10%)
QT160,NTH Prestation Temps 60(2.10%)
QP001,NTH Prestation 1U
QP002,NTH Prestation 2U
QP006,NTH Prestation 2U (ST)
QP003,NTH Prestation 3U
QP007,NTH Prestation 3U (ST)
QP004,NTH Prestation 4U
QP008,NTH Prestation 4U (ST)
QC013,NTH QPA à 2*10 11
QC014,NTH QPA à 4*10 11
Q9336,NTH rougeole IgG neg
Q9337,NTH rougeole IgG pos
Q9048,NTH Rub IgG > 500 (ACCESS)
Q9012,NTH Rub IgG 200-300 (VIDAS) 
Q9045,NTH Rub IgG 200-500 (ACCESS)
Q9013,NTH Rub IgG >300 UI/ml (VIDAS)
Q9340,NTH Rubéole IgG négatif
Q9382,NTH Rubéole IgG pos faible
Q9384,NTH Rubéole IgG pos fort
Q9383,NTH Rubéole IgG pos medium
Q9385,NTH Rubéole IgG pos très fort
Q9321,NTH Rubéole IgG positif
Q9323,NTH Rubéole IgG/IgM nég
Q9047,NTH Rubéole IgM > 60 (ACCESS)
Q9325,NTH Rubéole IgM nég
Q9322,NTH Rubéole IgM positif
Q9024,NTH Rubéole IgM 2-3 (VIDAS)
Q9015,NTH Rubéole IgM 3-6 (VIDAS)
Q9046,NTH Rubéole IgM 45-60 (ACCESS)
Q9016,NTH Rubéole IgM >6 (VIDAS)
Q9255,NTH Sérothèque
Q9356,NTH Sérum sans spécificité
Q9317,NTH Toxo IgA Positif
Q9043,NTH Toxo IgG > 500 (ACCESS)
Q9372,NTH Toxo IgG pos faible
Q9375,NTH Toxo IgG pos fort
Q9373,NTH Toxo IgG pos medium
Q9374,NTH Toxo IgG pos medium fort
Q9376,NTH Toxo IgG pos très fort
Q9318,NTH Toxo IgG Positif
Q9008,NTH Toxo IgG >1200 UI/m(VIDAS)
Q9005,NTH Toxo IgG >200 UI/ml(VIDAS)
Q9042,NTH Toxo IgG 300-500 (ACCESS)
Q9006,NTH Toxo IgG 600-900  (VIDAS)
Q9007,NTH Toxo IgG 900-1200 (VIDAS)
Q9320,NTH Toxo IgG/IgM nég
Q9044,NTH Toxo IgM > 10  (ACCESS)
Q9326,NTH Toxo IgM+ IgG faible avidi
Q9377,NTH Toxo IgM pos faible 
Q9380,NTH Toxo IgM pos fort
Q9378,NTH Toxo IgM pos medium
Q9379,NTH Toxo IgM pos medium fort
Q9381,NTH Toxo IgM pos très fort
Q9319,NTH Toxo IgM Positif
Q9021,"NTH Toxo IgM 1-1,8 (VIDAS)"
Q9009,"NTH Toxo IgM 1,8-2,5 (VIDAS)"
Q9010,"NTH Toxo IgM >2,5 (VIDAS)"
Q9011,NTH Toxo IgM >3 (VIDAS)
Q9038,"NTH Toxo IgM 4,5-6  (VIDAS)"
Q9264,NTH Toxo ultra-neg
NTTUB,NTH TUBE MP
QT002,NTH Tubulure Grande Quantité
QT001,NTH Tubulure Petite Quantité
Q9338,NTH varicelle IgG neg
Q9339,NTH varicelle IgG pos
Q9343,NTH VZG STD
3306372,Os entier Congelé
3367273,Os iliaquer Congelé
3373902,Os intercalaire entier Congelé
3338857,Os Long
3332808,Os long BTGO Tours
3305125,Os massif cryoconservé
OST37,OST - Disque de fermeture x4
3396441,OST - GROS FRAGMENT > 45 cm3
3368309,OST - POT FRAGMENT < 15cm3
OST30,OST- BLOC 25x12x10 mm
OST31,OST- BLOC 30x25x15mm - 3377604
OST36,OST- COIN RSA
OST32,OST- COL 1/2 ANN CORTICAL
OST02,OST- DEMI-TETE
OST35,OST- GROS FRAGMENT 25cm3
OST18,OST- GROS FRAGMENT >45cm3
OST01,OST- HEMI-TETE
OST05,OST- PLAQ CORTICO-SPONGIEUSE
OST13,OST- POT FRAGMENT < 15cm3
OST14,OST- POT FRAGMENT > 15cm3
OST20,"OST- POT FRAGMENT FIN 0,5cm3"
OST11,OST- POT FRAGMENT FIN 1cm3
OST33,OST- POT FRAGMENT FIN 2cm3
OST34,OST- POT FRAGMENT FIN 4cm3
OST10,OST- POT FRAGMENT FIN 5cm3
OST15,OST- POT FRAGMENT 25cm3
OST12,OST- POT FRAGMENTS 5 cm3
OST00,OST- TETE FEMORALE
OST03,OST- TETE INCO EVIDEE
OST09,OST- TETE INCOMPLETE
OST17,OST- TRANCHE > 15 cm3
OST16,OST- TRANCHE<15 cm3 - 3377604
OST55,OST-BAG CHANFREINEE - 3377604
OST04,OST-BAGUETTE SPONGIEUSE 5x5x30
OST21,OST-COIN L10 ANGLE 6°- 3377604
OST22,OST-COIN L15 ANGLE 10°-3377604
OST23,OST-COIN M10 ANGLE 10° 3377604
OST24,OST-COIN M11 ANGLE 12° 3377604
OST25,OST-COIN M8 ANGLE 6° 3377604
OST26,OST-COIN M9 ANGLE 8° 3377604
OST27,OST-COIN S10 ANGLE 12° 3377604
OST28,OST-COIN S8 ANGLE 8° 3377604
OST48,OST-DENT CS FINE250-800µm 1cc
OST49,OST-DENT CS FINE250-800µm 2cc
OST47,OST-DENT CS FINE250-800µm0.5cc
OST51,OST-DENT CT FINE250-800µm 1cc
OST50,OST-DENT CT FINE250-800µm0.5cc
OST41,OST-DENT SP FINE250-800µm 1cc
OST42,OST-DENT SP FINE250-800µm 2cc
OST40,"OST-DENT SP FINE250-800µm0,5cc"
OST44,OST-DENT SP STD800-1500µm 1cc
OST45,OST-DENT SP STD800-1500µm 2cc
OST46,OST-DENT SP STD800-1500µm 4cc
OST43,OST-DENT SP STD800-1500µm0.5cc
OSTFAC,Osteopure - FACTURATION
OST52,OST-EXPAND CS BLOC CS 20x10x5 
OST53,OST-EXPAND CT LAM CORT 20x10x2
OST54,OST-EXPAND SP BL SPONG25x12x10
OST38,OST-PLAQ CORTICO-SPONGIEUSE x2
PTHAU,Parathyroïde AUTO-FACTURATION
F1050,PCR VHA
F1070,PCR VIH
FCU80,Peau Glycérolisée Remaillée 
PENAL,PENALITES SUR MARCHE
DV010,Perforateur Echantillonnage
PERF1,Perfusion 
AMI02,Perfusion - de 8h - AMI 2
ALT19,Peroneus longus tendon
ALT18,Peroneus longus tendon SL
CQCPA,PESEE CPA
20124,PF Aph Sécu Del Cryo 200ml
20133,PF Aph Sécu Del Cryo 200ml U1
20134,PF Aph Sécu Del Cryo 200ml U2
20135,PF Aph Sécu Del Cryo 200ml U3
20154,PF Aph Sécu Del Cryo 200ml U4
20122,PF Aph Sécu Del Cryo 400ml
20123,PF Aph Sécu Del Cryo 600ml
20155,PF Aph Sécu Del Cryo 800ml
32612,PFC A CATEG 1 Anti-HBs > à 20
32412,PFC A CATEG 1 Antitéta >20
32402,PFC A CATEG 1 Antitéta 8 à 20
32104,PFC A CATEGORIE 1 volume < 400
32105,PFC A CATEGORIE 1 volume > 400
32009,PFC A CATEGORIE 2
32602,PFC A CATEG1 Anti-HBs 8 à 20
20312,PFC A Trait AMOTOSALEN U1 CRYO
20313,PFC A Trait AMOTOSALEN U2 CRYO
20314,PFC A Trait AMOTOSALEN U3 CRYO
20302,PFC A Traité AMOTOSALEN U1
20303,PFC A Traité AMOTOSALEN U2
20304,PFC A Traité AMOTOSALEN U3
20070,PFC Aph Del 200ml Att Séc
20073,PFC Aph Del 200ml U1 Att Séc
20074,PFC Aph Del 200ml U2 Att Séc
20075,PFC Aph Del 200ml U3 Att Séc
20076,PFC Aph Del 200ml U4 Att Séc
20114,PFC Aph Sécu Del 200ml
20130,PFC Aph Sécu Del 200ml U1
20131,PFC Aph Sécu Del 200ml U2
20132,PFC Aph Sécu Del 200ml U3
20153,PFC Aph Sécu Del 200ml U4
20112,PFC Aph Sécu Del 400ml
20113,PFC Aph Sécu Del 600ml
20115,PFC Aph Sécu Del 800ml
20703,PFC AUTO A UA
20701,PFC AUTO ST UA
20702,PFC AUTO ST UE
20111,PFC issu ST Att. Sécu Del
31102,PFC ISSU ST CATEGORIE 1
31009,PFC ISSU ST CATEGORIE 2
28103,PFC ISSU ST pour mélange IA
20020,PFC issu ST Sécu Del
20021,PFC issu ST Sécu Del Cryo
34612,PFC LFB CATEG 1 Anti-HBs > 20
34412,PFC LFB CATEG 1 Antitéta >20
34402,PFC LFB CATEG 1 Antitéta 8 à20
34106,PFC LFB CATEGORIE 1 vol < 400
34105,PFC LFB CATEGORIE 1 vol > 400
34009,PFC LFB CATEGORIE 2
34602,PFC LFB CATEG1 Anti-HBs 8 à 20
Z4301,PFC Marqueur pos avec consent
Z4302,PFC Marqueur pos sans consent
20099,PFC pour Secu 10e6 A FILTRER
21005,PFC POUR TRAITEMENT SOLVANT DE
P3400,PFC SD à caractère industriel
31612,PFC ST CAT 1 Anti-Hbs > 20
31602,PFC ST CAT 1 Anti-Hbs 8 à 20
31412,PFC ST CAT 1 Antitéta > 20
31402,PFC ST CAT 1 Antitéta 8 à 20
20305,PFC Unité Hors Volume Iluminé
20202,PFC VIRO A-BM A U1 DEL
20212,PFC VIRO A-BM A U1 DEL CRYO
20203,PFC VIRO A-BM A U2 DEL
20213,PFC VIRO A-BM A U2 DEL CRYO
20204,PFC VIRO A-BM A U3 DEL
20214,PFC VIRO A-BM A U3 DEL CRYO
20205,PFC VIRO A-BM de ST DEL
20215,PFC VIRO A-BM de ST DEL CRYO
20071,PFC 400ml Att Sécu DIVISIBLE
20072,PFC 600ml Att Sécu DIVISIBLE
20077,PFC 800ml Att Sécu DIVISIBLE
20100,PFCAD pour traitement BM
20399,PFCAD pour traitement IA
21015,PFCAD pour traitement SD U1
21025,PFCAD pour traitement SD U2
21035,PFCAD pour traitement SD U3
21099,PFCAD pour traitement SD 10e6
21007,PFC-SD  Mélange 
21006,PFC-SD Pré-Mélange
METR18,Pipette Multi - M&E COFRAC
METR16,Pipette Multi - M&E NON COFRAC
METR17,Pipette Multi - V. COFRAC
METR15,Pipette Multi - V. NON COFRAC
METR9,Pipette MVF - E. COFRAC
METR7,Pipette MVF - E. NON COFRAC
METR10,Pipette MVF - M&E COFRAC
METR8,Pipette MVF - M&E NON COFRAC
METR12,Pipette MVV - M&E NON COFRAC
METR11,Pipette MVV - V. NON COFRAC
P2211,PL Aph. Partition Qualif Lab
P1211,PL Aph. Partition Qualif Théra
P2306,PL déclassé QL (Issu ST/ApH)
41201,PL IA ST Vol de 200 à 249 ml
41202,PL IA ST Vol de 250 à 299 ml
41203,PL IA ST Vol de 300 à 349 ml
P2311,PL Mixte Partition Qualif Lab
Z4303,PL pos sans consent(partition)
41085,PL SECU AP Vol de 200 à 249 ml
41086,PL SECU AP Vol de 250 à 299 ml
41087,PL SECU AP Vol de 300 à 349 ml
41088,PL SECU AP Vol de 350 à 399 ml
41089,PL SECU AP Vol de 400 à 449 ml
41090,PL SECU AP Vol de 450 à 499 ml
41091,PL SECU AP Vol de 500 à 549 ml
41092,PL SECU AP Vol de 550 à 599 ml
41093,PL SECU AP Vol de 600 à 649 ml
41094,PL SECU AP Vol de 650 à 699 ml
41095,PL SECU AP Vol de 700 à 749 ml
41096,PL SECU AP Vol de 750 à 799 ml
41097,PL SECU AP Vol de 800 à 849 ml
41098,PL SECU AP Vol de 850 à 899 ml
41101,PL SECU ST Vol de 200 à 249 ml
41102,PL SECU ST Vol de 250 à 299 ml
41103,PL SECU ST Vol de 300 à 349 ml
41104,PL SECU ST Vol de 350 à 399 ml
P2111,PL ST Partition Qualif Lab
P1105,PL Unitaire Aph. SD QT
P2108,PL Unitaire Défibriné Q. Lab
P1108,PL Unitaire Défibriné Q. Théra
BIO35,Plaq Os Cortico-spon 15x10x4mm
BIO36,Plaq Os Cortico-spon 22x12x4mm
EUT01,Plaque eutectique non rendue
P2110,Plas ST Divisé tube Qualif Lab
P4102,PLASMA  ST Cong Q positif
20398,PLASMA A MP POUR -IA 10e6
P1201,PLASMA Aph. Cong < 24H QT
P3201,PLASMA Aph. Cong <24 H NQ
P2206,Plasma Aph cong >24H QL
P2201,Plasma Aph. Cong<24 QL
P3206,Plasma Aph cong>24H NQ
P1215,PLASMA Aph. IA Congelé QT
P2202,Plasma Aph. Stago Baxter QL
P2203,Plasma Aph. Stago Haemo. QL
P4201,PLASMA Apher Cong <24HQ Pos
20003,PLASMA Aphér Filtré (10^4 FL)
20,PLASMA Auto MP APHERESE
P2106,Plasma Citraté N Cong QL
20713,PLASMA FRAIS AUTO A UA CRYO
20711,PLASMA FRAIS AUTO ST UA CRYO
20712,PLASMA FRAIS AUTO ST UE CRYO
20110,PLASMA issu ST Homme
P5201,Plasma LFB Aph. Cong < 24H QLF
P5206,Plasma LFB Aph. Cong > 24H QLF
43201,Plasma Lyoph. (PLYO)(1ère u.)
43210,Plasma Lyoph. (PLYO)(10ème u.)
43211,Plasma Lyoph. (PLYO)(11ème u.)
43212,Plasma Lyoph. (PLYO)(12ème u.)
43213,Plasma Lyoph. (PLYO)(13ème u.)
43214,Plasma Lyoph. (PLYO)(14ème u.)
43215,Plasma Lyoph. (PLYO)(15ème u.)
43216,Plasma Lyoph. (PLYO)(16ème u.)
43202,Plasma Lyoph. (PLYO)(2ème u.)
43203,Plasma Lyoph. (PLYO)(3ème u.)
43204,Plasma Lyoph. (PLYO)(4ème u.)
43205,Plasma Lyoph. (PLYO)(5ème u.)
43206,Plasma Lyoph. (PLYO)(6ème u.)
43207,Plasma Lyoph. (PLYO)(7ème u.)
43208,Plasma Lyoph. (PLYO)(8ème u.)
43209,Plasma Lyoph. (PLYO)(9ème u.)
20102,PLASMA MP A U1 DEL
20103,PLASMA MP A U2 DEL
20104,PLASMA MP A U3 DEL
20000,PLASMA MP APHERESE
20001,PLASMA MP APHERESE LFB
P3107,PLASMA Non Qualif Autre AC
P3106,PLASMA Non Qualif Citraté
P3211,PLASMA Partition Aph. N Qualif
P2107,Plasma Qualif Lab Autre Ac
P1107,PLASMA Qualif Théra Autre AC
P1106,PLASMA Qualif Théra Citraté
43100,Plasma Sécurisation
P3102,PLASMA ST Cong Non Qualif
P2102,Plasma ST Cong Qualif Labo
P1102,PLASMA ST Cong Qualif Théra
P1114,PLASMA ST IA Congelé QT
PMHS1,PMH-Surnageant départ albumine
S2105,Poche  Sérum Cong (< 4H) QL
S1105,Poche  Sérum Cong (< 4H) QT
A4101,Poche de sang total Q Positif
POCH1,Poche individuelle
P1205,Poche PL Aph. Cong < 24H QT
P1206,Poche PL Aph. Cong > 24H QT
P3205,Poche Plasma Aph cong<24H NQ
P2205,Poche Plasma Aph cong<24H QL
P3207,Poche Plasma Aph Non cong NQ
P2207,Poche Plasma Aph Non cong QL
P1207,Poche PLASMA Aph. Non Cong QT
P3112,Poche PLASMA ST Congel NQ
P2112,Poche Plasma ST Congel QL
P1112,Poche PLASMA ST Congelé QT
P3113,Poche Plasma ST Non Congel NQ
P2113,Poche Plasma ST Non Congel QL
P1113,Poche PLASMA ST Non Congelé QT
S2108,Poche Sérum AB Qualif Lab Cong
S3105,Poche Sérum Cong (<4H)  NQ
S2117,Poche Sérum Congel Qualif Labo
S2106,Poche Sérum Non Cong QL
S1106,Poche Sérum Non Cong QT
METR6,Point Etalon. COFRAC
METR5,Point Etalon. NON COFRAC
HB001,Ponction sternale
VHAB1,Poolage et analyse VHA-B19
AMI03,Pose & chgt dispositif - AMI 3
AMI04,Pose catheter veineux - AMI 4
CHGT2,Pose ou chgt de flacon - AMI 2
ALT17,Posterior tibialis tendon
ALT15,Posterior tibialis tendon SL 
POUBL,Poubelle
POUBES,Poubelle Etablissement Soin
BIO41,"Poudre os spon 0,5mm 0.5 cc Fl"
BIO45,"Poudre os spon 0,5mm 0.5 cc Se"
BIO42,"Poudre os spon 0,5mm 1 cc Fl"
BIO46,"Poudre os spon 0,5mm 1 cc Se"
BIO43,"Poudre os spon 0,5mm 2 cc Fl"
BIO47,"Poudre os spon 0,5mm 2 cc Se"
BIO44,"Poudre os spon 0,5mm 5 cc Fl"
F7010,PREL. SANGUIN / EXPERTISE
CMAL1,Prélèvement de CMN allogénique
CMAU1,Prélèvement de CMN autologue
CSAL1,Prélèvement de CSH allogénique
CSAU1,Prélèvement de CSH autologue
LABM1,Prélèvement LABM
PLVS1,PRELEVEMENT SALIVAIRE
ALT12,Pre-shaped achilles 10 mm
ALT13,Pre-shaped achilles 11 mm
ALT08,Pre-shaped patellar 10 mm
ALT09,Pre-shaped patellar 11 mm
DIV03,PREST DIVERS PONCTUEL D1 
DIV04,PREST DIVERS PONCTUEL D7
DIV06,PREST ENTRETIEN PATRIMOINE CEL
DIV01,PREST TRANSF DIVERS PONCTUELD1
DIV02,PREST TRANSF DIVERS PONCTUELD7
PBIOT,PRESTATION BIOTHEQUE
CIDT1,PRESTATION CIDT
IRRA1,PRESTATION IRRADIATION
FANAC,PRESTATIONS ANALYSES CELLULES
FANAT,PRESTATIONS ANALYSES TISSUS
FANAU,PRESTATIONS ANALYSES USP
AMI15,"Prlt ponction vein. - AMI 1,5"
ETUD0,Production MTI
EXCP1,PRODUIT/EX. ANTERIEUR H. TVA
EXCP2,PRODUIT/EX. ANTERIEUR S. TVA
EXCP5,PRODUIT/EX. ANTERIEUR TVA 19.6
EXCP3,PRODUIT/EX. ANTERIEUR TVA 2.1
EXCP4,PRODUIT/EX. ANTERIEUR TVA 5.5
GRASPA,Protocole GRASPA tracabilité
ISIS1,PROTOCOLE ISIS
TRIME,PROTOCOLE TRIMECO
20200,PVA SD CONG
20201,PVA SD CONG
20210,PVA SD CRYO
CORF06,Qual - Cornée
CORF10,Qual - Cornée bouchon
CORF03,Qual - Cornée en stock
CORF02,Qual - Cornée Orga. Stemalph
CORF01,Qual - Cornée Organoculture
CORF08,Qual - Cornée partie Endothé.
CORF09,Qual - Cornée partie Endothé 2
CORF07,Qual - Cornée Stem Alpha
CORF04,Qual - Cornée Stem. en stock
CORF05,Qual - Cornée Stem. 2 en stock
40014,Qualification VHE négatif
QVHEN,QVHEN supprimer que sur ordre
F1060,RECH + DOSAGE PONDERAL ANTID
BREV2,REDEVANCE BREVET REACTIFS
BREV1,REDEVANCE BREVET RECHERCHE
TRAN7,REFACT CHARGES LIEES AU GCS
TRAN6,REFACT FRAIS  DPLACTS AVEC TVA
TRAN5,REFACT FRAIS  DPLACTS SANS TVA
TRAN8,REFACT FRAIS DEPLACTS A ETS
TRAN9,REFACT MAD PERSONNEL A ETS
PCE03,Réinfusion poche PCE
PCE04,Réinfusion poche PCE (Th.Cell)
TRAN4,REMBT ASSURANCE  AVEC TVA
TRAN3,REMBT ASSURANCE  SANS TVA
REOPH,Réophérèse
X0001,Résidu activité soins
B3207,Résidu Aph Non Qualif
B3209,Résidu Aph NQ Petit Volume
B2207,Résidu Aph. Qualif Lab
B1207,Résidu Aph. Qualif Théra
B2106,Résidu CLP Qualif Lab
B1106,Résidu CLP Qualif Théra
B2105,Résidu MCLP Qualif Lab
B3105,Résidu MCP Non Qualif
B1105,Résidu MCP Qualif Théra
F1030,RETEST B19
PTU03,Safety pack
PTU01,Safety pack + CPTU
PTU08,Safety pack + CPTU DOM
PTU09,Safety pack + CPTU Guyane
SAIG1,Saignée + C. généraliste + MCG
SAIG3,Saignée avec C. spécialiste
SAIG2,Saignée compensée
SAIG4,Saignée compensée isovolémique
A2109,Sang de cordon Congelé lab
A3105,Sang de cordon natif Non Quali
A2105,Sang de cordon natif Quali Lab
A1105,Sang de cordon natif Qualif Th
1157,SANG RECO ALBU DEL
1357,SANG RECO ALBU DEL IRRA
1158,SANG RECO PLASMA DEL
1358,SANG RECO PLASMA DEL IRRA
1156,SANG RECONSTITUE DEL
1356,SANG RECONSTITUE DEL IRRA
251,Sang Total UA CPD 
3309241,Scapula Congelé
TC45155,Segment os >20cm imp/3316784
TC45153,Segment os <=5cm imp/3316784
TC45154,Segment os>5 <=20cm imp3316784
ALT20,Semi Tend or GracilisTend >150
ALT21,Semi tendinosus Tendon >230 mm
ALT02,Semi-tendinosus Tendon <180 mm
PTU06,SERAFOL ABO CARTE PRETRANSF
PTU05,SERAFOL PACK TULIPE
PTU07,SERAPAK (kit accessoire)
S4101,SERUM - Frais Q Positif
29997,SERUM AB A USAGE THERAPEUTIQUE
S3109,Sérum AB Congelé NQ
S2109,Sérum AB Congelé Qualif Labo
S1109,Sérum AB Congelé Qualif Théra 
S2110,Sérum AB Congelé <4h QL
S1110,Sérum AB Congelé <4h QT
S3103,Sérum AB Non Qualif Non Cong
S2103,Sérum AB Qualif Labo Non Cong
S1103,Sérum AB Qualif Théra Non Cong
S3101,Sérum Congelé N Qualif
S1101,Sérum Congelé Qualif Théra
S3104,Sérum Décomplément Non Cong NQ
S2104,Sérum décomplément Non Cong QL
S1104,Sérum décomplément Non Cong QT
S3112,Sérum Non Cong NQ
S2112,Sérum Non Cong QL
S1112,Sérum Non Cong QT
S3106,Sérum Non Qualifié
S2111,Sérum Partition Cong Q. Labo
S1111,Sérum Partition Cong Q. Théra
S3111,Sérum Partition Congelé NQ
S2116,Sérum Partition N Cong Q. Labo
S1116,Sérum Partition N Cong Q. Thér
S3116,Sérum Partition Non Congelé NQ
Z4304,SERUM Plasmathèque consentem.
Z4305,SERUM Plasmathèque Pas consent
S1102,Sérum Pool Biomérieux (cong)
S2102,Sérum Pool Congelé QL
S2107,Sérum Pool Qualif Lab 
S1107,Sérum Pool Qualif Théra 
S2101,Sérum unitaire Cong Qualif Lab
29001,SERUM 200ml
SOA00,Solution Anticoagulant
SC210,Solution Conserv CGR
SC340,Solution Conserv Plaq Intersol
SC310,Solution Conserv Plaq SSP 
SC330,Solution Conserv Plaq SSP +
SC311,Solution Conserv Plaq SSP ISBT
SC320,Solution Conserv Plaq T-Sol
SC350,Solution conservateur NACL
SOB00,Solution Cryoprotecteur
SC360,Solution Déglycérolisation
SOB10,Solution DMSO
SO600,Solution Isotonique d'Albumine
SOC00,Solution Lavage
DV044,ST - Code Technicien
751,ST AUTO UA CPD
753,ST AUTO UA CPD DEL
752,ST AUTO UE CPD
754,ST AUTO UE CPD DEL
NTSTT,ST LABO MP
A3101,ST Non Qualif
A3107,ST Non Qualif  Poche sèche
A3102,ST Non Qualif Autre AC
A3103,ST Non Qualif Hémochromatose
A3106,ST Non Qualif Tube Poche
A3104,ST Non Qualif Vol < 300ml
41082,ST Pediatrique- Reconstitution
A2101,ST Qualif Lab
A2102,ST Qualif Lab Autre AC
A2103,ST Qualif Lab Hémochromatose
A2108,ST Qualif Lab Périmé
A2107,ST Qualif Lab Poche sèche
A2106,ST Qualif Lab Tube Poche
A2104,ST Qualif Lab Vol < 300ml
A1101,ST Qualif Théra
A1102,ST Qualif Théra Autre AC
A1103,ST Qualif Théra Hémochromatose
A1106,ST Qualif Théra Tube Poche
A1104,ST Qualif Théra Vol < 300ml 
DV043,ST- Séparateur Durée 
DV041,ST- Séparateur N° Presse
DV040,ST- Séparateur N°Centrifugeuse
DV042,ST- Séparateur Prog Presse
151,ST UA CPD
1151,ST UA CPD DEL
1181,ST UA CPD DEL*
1681,ST UA CPD DEL* IRRA
1351,ST UA CPD DEL IRRA
1251,ST UA CPD IRRA
1152,ST UE CPD DEL
1182,ST UE CPD DEL*
1682,ST UE CPD DEL* IRRA
1352,ST UE CPD DEL IRRA
1252,ST UE CPD IRRA
152,ST UE CPD ISSU D'UNE UA
A4103,STdivisé en tubes Q Positif
STOK7,Stockage scellé < 1 mois
STOK8,Stockage scellé > 1 mois
SUB04,SUBV COLL LOCAL DIV AVEC TVA
SUB03,SUBV COLL LOCAL DIV SANS TVA
SUB06,SUBV COLL LOCAL RECH AVEC TVA
SUB05,SUBV COLL LOCAL RECH SANS TVA
SUB14,SUBV PRIVEE DIVERS AVEC TVA D2
SUB13,SUBV PRIVEE DIVERS AVEC TVA D7
SUB11,SUBV PRIVEE DIVERS EN TRANSFU
SUB12,SUBV PRIVEE DIVERS SANS TVA
SUB08,SUBV PRIVEE RECH EN TRANSFUSIO
SUB02,SUBV PUB HORS RECH AVEC TVA
SUB01,SUBV PUB HORS RECH SANS TVA
SUB17,SUBV PUBLIQUE RECH AVEC TVA
SUB15,SUBV PUBLIQUE RECH EN TRANSFU
SUB16,SUBV PUBLIQUE RECH SANS TVA
SUB10,SUBVENTIO PRIVEE RECH AVEC TVA
SUB09,SUBVENTIO PRIVEE RECH SANS TVA
SUB18,SUBVENTION APR A ETS
SUB07,SUBVENTION CNAM SANS TVA
SUB19,SUBVENTION PRIVEE MTI
DVMO4,SUBVENTION SANG PLACENTAIRE
Q9020,Supplément Plasma défibriné
DV050,Surgélateur
3366279,T. fémorale Complète 2 hémi
DIV14,TC - Astreinte
DIV12,TC - Déplacement Médecin 1h
DIV13,TC - Déplacement Technicien 1h
TCF27,TC - PCE cession
TCF25,TC - PCE congélation
TCF54,TC - PCE contrôles produits MP
TCF53,TC - PCE décongélation lavage
TCF24,TC - PCE frais administratifs
TCF30,TC - PCE réduction vol centri
TCF31,TC - PCE Supplément TTL
TCF26,TC - PCE traitement UVA
TCF21,TC - Sérothèque CMN
TCF22,TC - Sérothèque CSM
TCF20,TC - Sérothèque CSP
TCF52,TC - Sérothèque USP
TCF33,TC - USP - Annulation prlv
TCF32,TC - USP - Gestion prlv
CQ330,TC - USPi - Sérologie Allo -J0
TCANTIB,TC antibiotique Os
TC-ACCSP,TC Anticorps Traitement
TCBLEUTRY,TC Bleu Trypan
TCCHAMCO,TC Chambre Art.
TCDMCS,TC- Connexion stérile
TCDMCC,TC DMU Concentration
TCDMCO,TC DMU Congélation
TCDESERY,TC DMU Desérythrocytation
TCDMFR,TC DMU Fractionnement
TCDMME,TC DMU Mélange / Lavage
TCPHOT,TC DMU Photophérèse
TCDMTR,TC DMU Traitement
TCFILTRE,TC- Filtre
TCAERO,TC Hémoculture Aérobie
TCANAERO,TC Hémoculture Anaérobie
TCIMMUG,TC Immunoglobulines
TCTUBUL,TC- Kit de Traitement (Tubul.)
TCLAMECO,TC Lame découpe CO
TCCONSCO,TC Milieu Conservation Cornée
TCDETUCO,TC Milieu Déturgescence Cornée
TCMILIRR,TC Milieu Irrig
TCPRELC1,TC Milieu Prélèv. Cornée n°1
TCPRELC2,TC Milieu Prélèv. Cornée n°2
TCPRELCO,TC Milieu Prélèvement Cornée
TCNACL,TC NaCl Stérile
TCPINCE,TC Pince à Dissection
TCDMPC5,TC- Poche de transfert 1000 ml
TCDMPC4,TC- Poche de transfert 2000 ml
TCDMPC6,TC- Poche de transfert 3000 ml
TCDMPC1,TC- Poche de transfert 400 ml
TCDMPC2,TC- Poche de transfert 600 ml
TCDMPC3,TC- Poche de transfert 800 ml
TCRPMI,TC RPMI
TCSCOT,TC SCOT
TCVVEN,TC VOLUVEN
TCAMPHOB,TC-Amphothéricine B
TCILLU,TC-Appareil de Photophérèse
TCCONG,TC-Automate Congélation
TCBSS,TCBSS
TCCEFO,TC-Cefoxitine
TCDCNTR,TC-Centrifugeuse
TCCLIN,TC-Clindamycine
TC400,TC-CMN - Astreinte
STOK1,TC-CMN Allo - Stockage
TC410,TC-CMN AUTO  Prélèvement
TC480,TC-CMN AUTO Cession mél décong
TC450,TC-CMN AUTO Cession pdt frais
TC421,TC-CMN AUTO Congélation 1P
TC422,TC-CMN AUTO Congélation 2P
TC423,TC-CMN AUTO Congélation 3P
TC424,TC-CMN AUTO Congélation 4P
TC425,TC-CMN AUTO Congélation 5P
TC426,TC-CMN AUTO Congélation 6P
TC427,TC-CMN AUTO Congélation 7P
TC428,TC-CMN AUTO Congélation 8P
TC440,TC-CMN AUTO Décongél. sans Lav
TC431,TC-CMN AUTO Décongél+Lavage 1P
TC432,TC-CMN AUTO Décongél+Lavage 2P
TC433,TC-CMN AUTO Décongél+Lavage 3P
TC434,TC-CMN AUTO Décongél+Lavage 4P
TC435,TC-CMN AUTO Décongél+Lavage 5P
TC436,TC-CMN AUTO Décongél+Lavage 6P
TC437,TC-CMN AUTO Décongél+Lavage 7P
TC438,TC-CMN AUTO Décongél+Lavage 8P
TC412,TC-CMN AUTO Réception et CQ
TC413,TC-CMN AUTO Réduc. Vol/Centri
TC414,TC-CMN AUTO Réduc. Vol/Laveur
TC419,TC-CMN AUTOTraitement UVA
CQ106,TC-CMN-CFU-GM
CQ111,TC-CMN-Contrôle Bactériologie
CQ112,TC-CMN-Formule leucocytaire 
CQ110,TC-CMN-Hémolysines
CQ113,TC-CMN-Myélogramme
CQ102,TC-CMN-Numération CD 56
CQ101,TC-CMN-Numération CD19
CQ107,TC-CMN-Numération CD3
CQ104,TC-CMN-Numération CD34 
CQ103,TC-CMN-Numération CD4 et CD8
CQ105,TC-CMN-Numération Cellulaire
CQ108,TC-CMN-Numération Formule
CQ130,TC-CMN-Sérologie ALLO - J0 
CQ131,TC-CMN-Sérologie AUTO à J0  
CQ109,TC-CMN-Viabilité Cellulaire
TCCOLI,TC-Colimycine
TCCOOLMIX,TC-COOLMIX
TC200,TC-CSP - Astreinte
TC110,TC-CSP ALLO  Prélèvement
STOK0,TC-CSP Allo - Stockage
TC160,TC-CSP ALLO Cession mél décong
TC152,TC-CSP ALLO Cession pdt cong
TC150,TC-CSP ALLO Cession pdt frais
TC121,TC-CSP ALLO Congélation 1 P 
TC122,TC-CSP ALLO Congélation 2 P
TC123,TC-CSP ALLO Congélation 3 P
TC124,TC-CSP ALLO Congélation 4 P 
TC125,TC-CSP ALLO Congélation 5 P
TC126,TC-CSP ALLO Congélation 6 P
TC127,TC-CSP ALLO Congélation 7 P
TC128,TC-CSP ALLO Congélation 8 P
TC161,TC-CSP ALLO Décong+lav/Dil 1P
TC162,TC-CSP ALLO Décong+lav/Dil 2P
TC163,TC-CSP ALLO Décong+lav/Dil 3P
TC164,TC-CSP ALLO Décong+lav/Dil 4P
TC165,TC-CSP ALLO Décong+lav/Dil 5P
TC166,TC-CSP ALLO Décong+lav/Dil 6P
TC167,TC-CSP ALLO Décong+lav/Dil 7P
TC168,TC-CSP ALLO Décong+lav/Dil 8P
TC115,TC-CSP ALLO Déplaquettisation
TC116,TC-CSP ALLO Déplasmatisation
TC117,TC-CSP ALLO Déserythrocytation
TC120,TC-CSP ALLO Dilution
TC112,TC-CSP ALLO Filtration
TC119,TC-CSP ALLO Réception et CQ
TC113,TC-CSP ALLO Réduc. Vol/Centri
TC114,TC-CSP ALLO Réduc.Vol/Laveur
TC118,TC-CSP ALLO Tri CD 34+
TC210,TC-CSP AUTO  Prélèvement
STOK4,TC-CSP Auto - Stockage
TC280,TC-CSP AUTO Cession mél décong
TC252,TC-CSP AUTO Cession pdt congel
TC250,TC-CSP AUTO Cession pdt frais
TC221,TC-CSP AUTO Congélation 1 P
TC222,TC-CSP AUTO Congélation 2 P
TC223,TC-CSP AUTO Congélation 3 P
TC224,TC-CSP AUTO Congélation 4 P
TC225,TC-CSP AUTO Congélation 5 P
TC226,TC-CSP AUTO Congélation 6 P
TC227,TC-CSP AUTO Congélation 7 P
TC228,TC-CSP AUTO Congélation 8 P
TC261,TC-CSP AUTO Congélation 9 P
TC262,TC-CSP AUTO Congélation10 P
TC273,TC-CSP AUTO Décong+lav/Dil 1P
TC283,TC-CSP AUTO Décong+lav/Dil 10P
TC274,TC-CSP AUTO Décong+lav/Dil 2P
TC275,TC-CSP AUTO Décong+lav/Dil 3P
TC276,TC-CSP AUTO Décong+lav/Dil 4P
TC277,TC-CSP AUTO Décong+lav/Dil 5P
TC278,TC-CSP AUTO Décong+lav/Dil 6P
TC279,TC-CSP AUTO Décong+lav/Dil 7P
TC281,TC-CSP AUTO Décong+lav/Dil 8P
TC282,TC-CSP AUTO Décong+lav/Dil 9P
TC215,TC-CSP AUTO Déplaquettisation
TC220,TC-CSP AUTO Dilution
TC219,TC-CSP AUTO Réception et CQ
TC213,TC-CSP AUTO Réduc. Vol/Centri
TC218,TC-CSP AUTO Tri CD 34+
CQ006,TC-CSP-CFU GM
CQ011,TC-CSP-Contrôle Bactériologie
CQ012,TC-CSP-Formule leucocytaire  
CQ010,TC-CSP-Hémolysines
CQ013,TC-CSP-Myélogramme
CQ002,TC-CSP-Numération CD 56
CQ001,TC-CSP-Numération CD19
CQ007,TC-CSP-Numération CD3
CQ004,TC-CSP-Numération CD34
CQ003,TC-CSP-Numération CD4 et CD8
CQ005,TC-CSP-Numération Cellulaire
CQ008,TC-CSP-Numération Formule
CQ030,TC-CSP-Sérologie ALLO - J0 
CQ031,TC-CSP-Sérologie AUTO - J0 
CQ009,TC-CSP-Viabilité Cellulaire
TC310,TC-DLI- Prélèvement
TC380,TC-DLI-Cession mélange déconge
TC352,TC-DLI-Cession pdt congelé
TC350,TC-DLI-Cession pdt frais
TC321,TC-DLI-Congélation 1 Poche
TC322,TC-DLI-Congélation 2 Poches
TC323,TC-DLI-Congélation 3 Poches
TC324,TC-DLI-Congélation 4 Poches
TC325,TC-DLI-Congélation 5 Poches
TC326,TC-DLI-Congélation 6 Poches
TC327,TC-DLI-Congélation 7 Poches
TC328,TC-DLI-Congélation 8 Poches
TC341,TC-DLI-Décongél+Lavage/Dil 1P
TC342,TC-DLI-Décongél+Lavage/Dil 2P
TC343,TC-DLI-Décongél+Lavage/Dil 3P
TC344,TC-DLI-Décongél+Lavage/Dil 4P
TC345,TC-DLI-Décongél+Lavage/Dil 5P
TC346,TC-DLI-Décongél+Lavage/Dil 6P
TC347,TC-DLI-Décongél+Lavage/Dil 7P
TC348,TC-DLI-Décongél+Lavage/Dil 8P
TC315,TC-DLI-Déplaquettisation
TC316,TC-DLI-Déplasmatisation
TC317,TC-DLI-Déserythrocytation
TC320,TC-DLI-Dilution
TC312,TC-DLI-Filtration
TC319,TC-DLI-Réception et CQ
TC313,TC-DLI-Réduction Vol/Centri
TC314,TC-DLI-Réduction Vol/Laveur
TCDMAG18G,TC-DMU Aiguilles
TCDMPR,TC-DMU de Prélèvement
TCKITTF,TC-DMU de Prélèvement TF
TCKITMBA,TC-DMU Prélèvement Mb Amniot
TCKITOS,TC-DMU Prélèvement Os Massif
TCKITTAV,TC-DMU Prélèvement TAV
TCDMSR,TC-DMU Seringue
TCDMSR10,TC-DMU Seringue 10 ml
TCDMSR2,TC-DMU Seringue 2 ml
TCDMSR20,TC-DMU Seringue 20 ml
TCDMSR30,TC-DMU Seringue 30 ml
TCDMSR5,TC-DMU Seringue 5 ml
TCDMSR50,TC-DMU Seringue 50 ml
TC500,TC-Echantillon Cellules ALLO
TC501,TC-Echantillon Cellules AUTO
TC503,TC-Echantillon CMN ALLO
TC502,TC-Echantillon CMN AUTO
TC504,TC-Echantillon USPB 
TC505,TC-Echantillon USPF
TCETUVE,TC-Etuve Cornées
TCF40,TCF - CMN - CQEXT PREL
TCF42,TCF - CMN - CQEXT TRANSF
TCF39,TCF - CMN - CQINT PREL
TCF41,TCF - CMN - CQINT TRANSF
TCF36,TCF - CSP - CQEXT PREL
TCF38,TCF - CSP - CQEXT TRANSF
TCF35,TCF - CSP - CQINT PREL
TCF37,TCF - CSP - CQINT TRANSF
TCF15,TCF - International ADN
TCF14,TCF - International Ech. Sang.
TCF45,TCF - MO - CQEXT TRANSF
TCF43,TCF - MO - CQINT PREL
TCF44,TCF - MO - CQINT TRANSF
TCF51,TCF - PCE - CQEXT TRANSF
TCF49,TCF - PCE - CQINT PREL
TCF50,TCF - PCE - CQINT TRANSF
TCF12,TCF - Prlv international CSP
TCF13,TCF - Prlv international GB
TCF48,TCF - USPi  - CQEXT TRANSF
TCF47,TCF - USPi  - CQINT TRANSF
TCF46,TCF - USPi - CQINT PREL
TCF05,TCF-CS MO-Annulation Prlv.
TCF06,TCF-CSP-Annulation Prlv.
TCF29,TCF-Etude de population B300
TCF28,TCF-Exa.Bact. Fact ATB Ana B60
TCF07,TCF-GB-Annulation Prlv.
TCF80,TCF-Ilot de Langhérans
TCF08,TCF-Injection de G-CSF
TCF11,TCF-International-CMN-CQ gref.
TCF01,TCF-International-CS MO-G Prel
TCF10,TCF-International-CSP-CQ gref.
TCF02,TCF-International-CSP-GB-G-Prl
TCF09,TCF-International-MO-CQ gref.
TCF00,TCF-National -  MO G Prvl
TCF04,TCF-National- CSP G Prlv
TCF03,TCF-National-GB-Gestion Prlv
TCF23,TCF-Vérif/lame anomalie BHN12
TCGENTAM,TC-Gentamicine
TCDMS5,TC-Gradient de densité/Ficoll
TCKITMINI,TC-Kit de miniaturisation
TCKDSS,TC-Kit de suture stérile
TCLINCO,TC-Lincomycine
TCLOTST,TC-Lot Stérilisat Ss traitant
STOK6,TC-MO Allo - Stockage
TC580,TC-MO ALLO Cession mél déconge
TC552,TC-MO ALLO Cession pdt congelé
TC550,TC-MO ALLO Cession pdt frais
TC521,TC-MO ALLO Congélation 1 P
TC522,TC-MO ALLO Congélation 2 P
TC523,TC-MO ALLO Congélation 3 P
TC524,TC-MO ALLO Congélation 4 P
TC525,TC-MO ALLO Congélation 5 P
TC526,TC-MO ALLO Congélation 6 P
TC561,TC-MO ALLO Décong+Lav/Dil 1P
TC562,TC-MO ALLO Décong+Lav/Dil 2P
TC563,TC-MO ALLO Décong+Lav/Dil 3P
TC564,TC-MO ALLO Décong+Lav/Dil 4P
TC565,TC-MO ALLO Décong+Lav/Dil 5P
TC566,TC-MO ALLO Décong+Lav/Dil 6P
TC515,TC-MO ALLO Déplaquettisation
TC516,TC-MO ALLO Déplasmatisation
TC517,TC-MO ALLO Déserythrocytation
TC512,TC-MO ALLO Filtration
TC510,TC-MO ALLO Prélèvement
TC519,TC-MO ALLO Réception et CQ 
TC513,TC-MO ALLO Réduc. Vol/Centri
TC514,TC-MO ALLO Réduc. Vol/Laveur
TC518,TC-MO ALLO Tri CD 34+
STOK2,TC-MO Auto - Stockage
TC680,TC-MO AUTO Cession mél déconge
TC652,TC-MO AUTO Cession pdt congelé
TC650,TC-MO AUTO Cession pdt frais
TC621,TC-MO AUTO Congélation 1 P
TC622,TC-MO AUTO Congélation 2 P
TC623,TC-MO AUTO Congélation 3 P
TC624,TC-MO AUTO Congélation 4 P
TC625,TC-MO AUTO Congélation 5 P
TC626,TC-MO AUTO Congélation 6 P
TC641,TC-MO AUTO Décong+Lav/Dilu 1P
TC642,TC-MO AUTO Décong+Lav/Dilu 2P
TC643,TC-MO AUTO Décong+Lav/Dilu 3P
TC644,TC-MO AUTO Décong+Lav/Dilu 4P
TC645,TC-MO AUTO Décong+Lav/Dilu 5P
TC646,TC-MO AUTO Décong+Lav/Dilu 6P
TC615,TC-MO AUTO Déplaquettisation
TC617,TC-MO AUTO Déserythrocytation
TC612,TC-MO AUTO Filtration
TC610,TC-MO AUTO Prélèvement
TC619,TC-MO AUTO Réception et CQ
TC613,TC-MO AUTO Réduc. Vol/Centri
TC614,TC-MO AUTO Réduc. Vol/Laveur
TC618,TC-MO AUTO Tri CD 34+
CQ206,TC-MO-CFU GM
CQ211,TC-MO-Contrôle Bactériologie
CQ210,TC-MO-Hémolysines
CQ212,TC-MO-Myélogramme 
CQ202,TC-MO-Numération CD 56
CQ201,TC-MO-Numération CD19
CQ207,TC-MO-Numération CD3
CQ204,TC-MO-Numération CD34
CQ203,TC-MO-Numération CD4 et CD8
CQ205,TC-MO-Numération Cellulaire
CQ208,TC-MO-Numération Formule
CQ230,TC-MO-Sérologie ALLO - J0 
CQ231,TC-MO-Sérologie AUTO à J0 
CQ209,TC-MO-Viabilité Cellulaire
TCEUROSKIN,TC-N° Lot EUROSKIN
TCNASG,TC-NaCl stérilglucosé
TCPENIG,TC-Pénicilline G
TCDMPT,TC-Poste de Travail
TCREST,TC-Restorvol
TCRIFA,TC-Rifampicine
TCRING,TC-Ringer
TCSEPAX,TC-SEPAX
TCDMS6,TC-Soluté ACD
TCDMS2,TC-Soluté Albumine
TCDMS9,TC-Soluté Congélation Cornée
TCDMS1,TC-Soluté DMSO
TCDMS10,TC-Soluté HEA
TCDMS3,TC-Soluté HES
TCDMS7,TC-Soluté Lavage
TCDMS8,TC-Soluté PBD-EDTA
TCDMS4,TC-Soluté Polyéthylène Glycol
TCSOUD,TC-Soudeuse Sur Poche
TCTHIA,TC-Thiamphénicol
TCTOBRA,TC-Tobramycine
TCTRF,TC-Transfert Poche/Poche
TC700,TC-USP - Astreinte
TC721,TC-USP - Congélation 1 poche
TC722,TC-USP - Congélation 2 poches
TC723,TC-USP - Congélation 3 poches
TC724,TC-USP - Congélation 4 poches
TC715,TC-USP - Déplaquettisation
TC714,TC-USP - Dilution
TC712,TC-USP - Filtration
TC710,TC-USP - Prélèvement
TC713,TC-USP - Réception et CQ
STOK3,TC-USP - Stockage
TC719,TC-USP -Miniaturisation/Centri
TC720,TC-USP -Miniaturisation/Laveur
TC780,TC-USP-Cession mélange déconge
TC760,TC-USP-Cession produit congelé
TC735,TC-USP-Décong+lav /Dilution 1P
TC736,TC-USP-Décong+lav /Dilution 2P
TC737,TC-USP-Décong+lav /Dilution 3P
CQ306,TC-USPi-CFU GM
CQ311,TC-USPi-Contrôle Bactério
TCF55,TC-USPI-Erythroblastes
CQ312,TC-USPi-Formule Leucocytaire
CQ301,TC-USPi-Numération CD19
CQ307,TC-USPi-Numération CD3
CQ304,TC-USPi-Numération CD34
CQ303,TC-USPi-Numération CD4 et CD8
CQ302,TC-USPi-Numération CD56
CQ308,TC-USPi-Numération Formule
CQ309,TC-USPi-Viabilité Cellulaire
TCVANCO,TC-Vancomycine
TCO001,TC-2ème Découpe Cornée
TC8MOP,TC-8 MOP
PCE02,Techniq ouverte Vibert Lourmat
PCE05,Technique  Maco
PCE01,Technique fermée Thérakos
M5390,TEGELINE 10 G         /9182830
M5350,TEGELINE 5 G          /9182853
KITIRRA,Témoin Irradiation Rayons X
TUT51,Tendon Rotulien (Os-tendon-Os)
TC45156,Tendon rotulien/achille Imp
TFEFAC,Tête Fém. - FACTURATION
TFE18,Tête Fém Anti  Congelée -80°C
TFE17,Tête Fém. Anti Congelée -196°C
3383384,Tête Fém incompl ou 1/2 Superc
3305823,Tête fém incomplète ou 1/2Cong
TFE21,Tête Fém Morc Antib Cong -80°C
TFE19,Tête Fém. Morcelée Cong -80°C
TFE01,Tête Fémorale  congelée M P
TFE13,Tête Fémorale Antibio
TUT00,Tête Fémorale avec col
3363401,Tête fémorale Complète Congelé
TFE15,Tête Fémorale Congelée -196°C
TFE16,Tête Fémorale Congelée -80°C
3326044,Tête fémorale entière cryocons
BIO09,Tête Fémorale incomp Supercrit
3350278,Tête fémorale inc.OSTEOPURE
TFE20,Tête Fémorale Irradiée
TFE00,Tête Fémorale M P
TFE14,Tête Fémorale Morcelée Antibio
TFE02,Tête Fémorale Morcelée M P
TFE12,Tête Fémorale Morcelée Récept
TFE11,Tête Fémorale Récept Congelée
TFE10,Tête Fémorale Réceptionnée
3348755,Tête Fémorale Sécu.
3378851,Tête Fémorale Supercrit
BIO00,Tête Fémorale Supercrit
TFE33,Tête Fémur à VI Congelée -196°
TFE32,Tête Fémur à VI Congelée -80°C
TFE30,Tête Fémur à VI réceptionnée 
3324625,TF DV complt/2hemitêtes Tours
3306923,TF DV Incomplt/hemitete Tours
TFE03,TFE03 Tête Fémur MP à viro ina
STHRO,Thrombine
TAV20,Tis. Artério-Veineux Cong. -80
TAV21,Tis. Artério-Veineux Cong.-150
TOS26,Tis Osseux Anti Congelé -196°C
TOS25,Tis Osseux Anti Congelé -80°C
DIV11,Tissu - Astreinte
DIV09,Tissu - Déplacement Médecin 1h
DIV10,Tissu - Déplacmt Technicien1h
TAV01,Tissu Artériel /3318151
TAV15,Tissu Artério-Veineux Antibio
TAV40,Tissu Artério-Veineux cryocons
TAV10,Tissu Artério-Veineux Récept.
TOSFAC,Tissu Osseux - FACTURATION
TOS15,Tissu Osseux Antibio frais
TOS27,Tissu Osseux Congelé Irradié
TOS21,Tissu Osseux Congelé -196°C
TOS20,Tissu Osseux Congelé -80°C
TOS28,Tissu Osseux cryonconservé
TOS90,Tissu Osseux Importé Congelé
TOS00,Tissu Osseux M P
TOS10,Tissu Osseux Réceptionné
TAV02,Tissu Veineux
ALTFAC,Tissus Allotis - FACTURATION
TRACA1,TRACABILITE UNITAIRE DE PSL
3326802,Tranche os >15cc OSTEOPURE
TRAN2,TRANSF CHGES PERSO AVEC TVA
TRAN1,TRANSF CHGES PERSO SANS TVA
TPFENW,Transfert Pack (Fenwal)
TRSF1,Transfuseur 
TRSF3,Transfuseur DOM
TRSF4,Transfuseur Guyane
TRSF2,Transfuseur Plaquettes
LF011,Transfusion ambulatoire CGR
LF006,Transfusion ambulatoire PLQ
PORT23,Transp Conteneur 20L-Cellules
PORT13,Transp Conteneur 20L-PSL
PORT33,Transp Conteneur 20L-Tissus
PORT20,Transp Conteneur 4L-Cellules
PORT10,Transp Conteneur 4L-PSL
PORT30,Transp Conteneur 4L-Tissus
PORT24,Transp Conteneur 49L-Cellules
PORT14,Transp Conteneur 49L-PSL
PORT34,Transp Conteneur 49L-Tissus
PORT21,Transp Conteneur 7L-Cellules
PORT11,Transp Conteneur 7L-PSL
PORT31,Transp Conteneur 7L-Tissus
PORT25,Transp Conteneur 9L tva20%
PORT22,Transp Conteneur 9L-Cellules
PORT12,Transp Conteneur 9L-PSL
PORT32,Transp Conteneur 9L-Tissus
PB15L,Transport POOL BOX 15L
PB20L,Transport POOL BOX 20L
PB04L,Transport POOL BOX 4L
PB49L,Transport POOL BOX 49L
PB09L,Transport POOL BOX 9L
PORT1,Transport PSL Jour
PORT2,Transport PSL Nuit
PORT17,Transport Sang total
T2018,TU Prélèvement Spécifique(Tub)
T3007,Tube  selectionné Non Qualif
T5007,Tube  selectionné QLF
T2007,Tube  selectionné Qualif Lab
T1007,Tube  selectionné Qualif Thera
T3003,Tube Autre Anti Coag Non Quali
T1003,Tube Autre Anti Coag Qualif T
T2003,Tube Autre Anti Coagulant QL
T5003,Tube Autre Anti Coagulant QLF
T2011,Tube CMN congelées QL
T2002,Tube de qbd Qualif Lab
T1002,Tube de qbd Qualif Therap
T3016,Tube de Sérum décanté NQ
T2016,Tube de Sérum décanté QL
T5016,Tube de Sérum décanté QLF
T1016,Tube de Sérum décanté QT
T3100,Tube Echantillon Ctrl Lab NQ
T2100,Tube Echantillon Ctrl Lab QL
T5100,Tube Echantillon Ctrl Lab QLF
T1004,Tube Extr Ac Nuc Qualif Therap
T3009,Tube instruit quest NQ
T2009,Tube instruit quest QL
T5009,Tube instruit quest QLF
T1009,Tube instruit quest QT
T2013,Tube Lymphocytes congelés QL
T2012,Tube Monocytes congelés QL
T4101,Tube Particularité Sérologique
T2015,Tube Plaquettes Qualif Lab
T3017,Tube Plasma décanté NQ
T2017,Tube Plasma Décanté QL
T5017,Tube Plasma Décanté QLF
T1017,Tube Plasma décanté QT
T2004,Tube pr Extrac. Acide nucl QL
T5002,Tube QBD QLF
T2010,Tube Sans Anti Coagulant Q L
T1010,Tube Sans Anti Coagulant Q T
T1001,Tube unitaire suppl Qualif The
T3001,Tube unitaire supplé Non Quali
T5001,Tube unitaire supplé. QLF
T2001,Tube unitaire supplé. Qual Lab
T3006,Tubes multi monodonneur Non Qu
T3014,Tubes multi monodonneur NQ(Nb)
T1006,Tubes multi. monodonneur Qu.Th
T2014,Tubes mult.monodonneur QL (Nb)
T5006,Tubes mult.monodonneur QLF
T2006,Tubes mult.monodonneur Qua Lab
T3005,Tubes panel - Non Qualif
T5005,Tubes panel  QLF
T2005,Tubes panel  Qualif Lab
T1005,Tubes panel - Qualif Ther
D2002,Tubulure GR qualif labo
D1002,Tubulure GR qualif Théra
D2001,Tubulure plasma qualif labo
D1001,Tubulure plasma qualif Théra
DV020,Tubulure Réchauffement P
DVMO3,TYPAGE HLA RETROSPEC USP
USPBK,USP Banking-FACTURATION
USPIN,USP Intrafamiliale-FACTURATION
TCUSP,USP-ACHAT
1302,USP-B Concentré
16612,USP-B Congelé
16602,USP-B Cryoconservé
300,USP-B Matière Première
1300,USP-B Réceptionné Frais
TC752,USPB-CESSION ABM International
TC751,USPB-CESSION ABM Nationale
1312,USP-F Concentré
16625,USP-F Congelé
16613,USP-F Cryoconservé
310,USP-F Matière Première
1310,USP-F Réceptionné Frais
UTT04,UTT- Demi Tête fémorale lyoph.
UTT02,UTT- Poudre et Copeaux < 15cc
UTT03,UTT- Poudre et Copeaux > 15cc
UTT01,UTT- Poudre et Copeaux < 5cc
VLVFAC,Valve - FACTURATION
VLV31,Valve Congelée -150°C
VLV32,Valve Congelée -80°C
VLV41,Valve Cryoconservée
VLV02,Valve Matière Prem. (In Vivo)
VLV01,Valve Matière Première
VLV11,Valve Réceptionnée
VLV21,Valve Traitée AB
TAV03,Valves
VENFAC,Veine - FACTURATION
VEN31,Veine Congelée -150°C
VEN32,Veine Congelée -80°C
VEN41,Veine Cryoconservée
VEN02,Veine Matière Prem. (In Vivo)
VEN01,Veine Matière Première
VEN11,Veine Réceptionnée
TAV04,Veine Saphène
VEN21,Veine Traitée AB
VIACO,Vente Interne autre consommabl
VIKIT,Vente Interne Kit
VIPOC,Vente Interne Poche
CONS1,VENTES DE CONSO A ETS
METR4,Vérif bain & décong dplct
METR2,Vérif COFRAC sur site
METR3,Vérif NON COFRAC MAD
METR1,Vérif NON COFRAC sur site
METR19,Verif tach. centrifugeuse
M1340,VIALEBEX 10g/250ml    /9243448
M1320,VIALEBEX 20g/100ml    /9243419
M1350,VIALEBEX 20g/500ml    /9243494
VOC25,Volet Crânien Antibio Congelé
VOC15,Volet Crânien Antibio frais
VOLAU,Volet Crânien AUTO-FACTURATION
VOC20,Volet Crânien Congelé
VOC27,Volet Crânien Irradié Congelé
VOC00,Volet Crânien M P
VOC10,Volet Crânien Réceptionné
ALT06,Whole patellar ligament
ALT07,Whole patellar w/extra quad
ALT05,Whole patellar w/s block
M3130,WILFACTIN 1000 UI     /9255463
M1392,YDRALBUM 200g/L    /5756228
ALT22,2 Post/ante tibialis tendon 
