4780,CGR AUTO UE DEL CRYO Clos
4715,CGR AUTO UE CRYO Clos
4712,CGR AUTO UE SAGM DEL
4772,CGR AUTO UE SAGM
4779,CGR AUTO UE DEL CRYO N Clos
4710,CGR AUTO UE CRYO N Clos
4839,CGRA AUTO UA1 CRYO Clos
4709,CGR AUTO UA CRYO N Clos
4775,CGR AUTO UA DEL CRYO N Clos
4845,CGRA AUTO UA1 CRYO N Clos
5106,CGRA AUTO UA1 DEL CRYO N Clos
5107,CGRA AUTO UA2 DEL CRYO N Clos
5108,CGRA AUTO UA3 DEL CRYO N Clos
4840,CGRA AUTO UA2 CRYO Clos
4849,CGRA AUTO UA2 SAGM DEL
4711,CGR AUTO UA SAGM DEL
4771,CGR AUTO UA SAGM
4858,CGRA AUTO UA3 SAGM
5109,CGRA AUTO UA1 DEL CRYO Clos
5110,CGRA AUTO UA2 DEL CRYO Clos
5113,CGRA AUTO UA3 CRYO Clos
4847,CGRA AUTO UA3 CRYO N Clos
4848,CGRA AUTO UA1 SAGM DEL
4850,CGRA AUTO UA3 SAGM DEL
4713,CGR AUTO UA SAGM DEL*
5111,CGRA AUTO UA3 DEL CRYO Clos
4708,CGR AUTO UA CRYO Clos
4776,CGR AUTO UA DEL CRYO Clos
4857,CGRA AUTO UA2 SAGM
4856,CGRA AUTO UA1 SAGM
4853,CGRA AUTO UA3
4846,CGRA AUTO UA2 CRYO N Clos
4851,CGRA AUTO UA1
4852,CGRA AUTO UA2
7230,CSMO AUTO CRYO TRAITE U6
7015,CSMO AUTO CRYO U1
7016,CSMO AUTO CRYO U2
7017,CSMO AUTO CRYO U3
7018,CSMO AUTO CRYO U4
7231,CSMO AUTO CRYO U5
7232,CSMO AUTO CRYO U6
16721,CSP  AUTO IN PROCESS
7001,CSMO  AUTO IN PROCESS
7002,CSMO AUTO TRAITE
7007,CSMO AUTO DESERYTHROCYTE
7011,CSMO AUTO CONG U1
7019,CSMO AUTO CRYOCONSERVE
7004,CSMO AUTO CRYOCONSERVE TRAITE
16735,CSP AUTO CRYOCONSERVE
16731,CSP AUTO CRYOC U 5
16732,CSP AUTO CRYOC U 6
7220,CSMO AUTO A USAGE ORTHOPEDIQUE
7200,CSMO AUTO CONCENTRE
7008,CSMO AUTO CONG DESERYTHRO U1
7208,CSMO AUTO CONG DESERYTHRO U2
16703,CSP AUTO TRAITE
16709,CSP AUTO TRAITE CRYOCONSERVE
16711,CSP AUTO TRAITE CONG U 1
16712,CSP AUTO TRAITE CONG U 2
16713,CSP AUTO TRAITE CONG U 3
16714,CSP AUTO TRAITE CRYOC U 1
16715,CSP AUTO TRAITE CRYOC U 2
16716,CSP AUTO TRAITE CRYOC U 3
16739,CSP AUTO TRAITE CONG U 4
16740,CSP AUTO TRAITE CONG U 5
16741,CSP AUTO TRAITE CONG U 6
16742,CSP AUTO TRAITE CONG U 7
16743,CSP AUTO TRAITE CONG U 8
16744,CSP AUTO TRAITE CRYOC U 4
16745,CSP AUTO TRAITE CRYOC U 5
16746,CSP AUTO TRAITE CRYOC U 6
16747,CSP AUTO TRAITE CRYOC U 7
16748,CSP AUTO TRAITE CRYOC U 8
16708,CSP AUTO CONG U 1
16717,CSP AUTO CONG U 2
16718,CSP AUTO CONG U 3
16723,CSP AUTO CONG U 4
16724,CSP AUTO CONG U 5
16725,CSP AUTO CONG U 6
16726,CSP AUTO CONG U 7
16727,CSP AUTO CONG U 8
16706,CSP AUTO CRYOC U 1
16728,CSP AUTO CRYOC U 2
16729,CSP AUTO CRYOC U 3
16730,CSP AUTO CRYOC U 4
16763,CSP AUTO CRYOC U10
16762,CSP AUTO CRYOC U 9
16765,CSP AUTO TRAITE CONG U10
16764,CSP AUTO TRAITE CONG U 9
16766,CSP AUTO TRAITE CRYOC U 9
16767,CSP AUTO TRAITE CRYOC U10
16750,CMN AUTO CONG U1
16751,CMN AUTO CONG U2
16752,CMN AUTO CONG U3
16753,CMN AUTO CONG U4
16754,CMN AUTO CONG U5
16755,CMN AUTO CONG U6
16756,CMN AUTO CONG U7
16757,CMN AUTO CONG U8
16790,CMN AUTO CRYO UVA U1
16791,CMN AUTO CRYO UVA U2
16792,CMN AUTO CRYO UVA U3
16793,CMN AUTO CRYO UVA U4
16794,CMN AUTO CRYO UVA U5
16795,CMN AUTO CRYO UVA U6
16796,CMN AUTO CRYO UVA U7
16797,CMN AUTO CRYO UVA U8
16705,CMN AUTO
16701,CMN AUTO UVA ET 8 METHOXYPSORA
7003,CSMO AUTO CRYO DESERYTHRO
16710,CMN AUTO
16770,CMN AUTO CRYO U1
16771,CMN AUTO CRYO U2
16772,CMN AUTO CRYO U3
16773,CMN AUTO CRYO U4
16774,CMN AUTO CRYO U5
16775,CMN AUTO CRYO U6
16776,CMN AUTO CRYO U7
16777,CMN AUTO CRYO U8
16761,CSP AUTO CONG U10
16760,CSP AUTO CONG U 9
7209,CSMO AUTO CONG DESERYTHRO U3
7210,CSMO AUTO CONG DESERYTHRO U4
7221,CSMO AUTO CONG DESERYTHRO U5
7222,CSMO AUTO CONG DESERYTHRO U6
7006,CSMO AUTO CONG TRAITE U1
7205,CSMO AUTO CONG TRAITE U2
7206,CSMO AUTO CONG TRAITE U3
7207,CSMO AUTO CONG TRAITE U4
7223,CSMO AUTO CONG TRAITE U5
7224,CSMO AUTO CONG TRAITE U6
16733,CSP AUTO CRYOC U 7
16734,CSP AUTO CRYOC U 8
7202,CSMO AUTO CONG U2
7203,CSMO AUTO CONG U3
7204,CSMO AUTO CONG U4
7225,CSMO AUTO CONG U5
7226,CSMO AUTO CONG U6
7215,CSMO AUTO CRYO DESERYTHRO U1
7216,CSMO AUTO CRYO DESERYTHRO U2
7217,CSMO AUTO CRYO DESERYTHRO U3
7218,CSMO AUTO CRYO DESERYTHRO U4
7227,CSMO AUTO CRYO DESERYTHRO U5
7228,CSMO AUTO CRYO DESERYTHRO U6
7211,CSMO AUTO CRYO TRAITE U1
7212,CSMO AUTO CRYO TRAITE U2
7229,CSMO AUTO CRYO TRAITE U5
7213,CSMO AUTO CRYO TRAITE U3
7214,CSMO AUTO CRYO TRAITE U4
7249,DLI ALLO CONG U9
7250,DLI ALLO CONG U10
7259,DLI ALLO CRYOC U9
7260,DLI ALLO CRYOC U10
16635,CSP ALLO CRYOC TRAITE MELANGE
7042,CSMO ALLO CRYOC U5
7044,CSMO ALLO CRYOC U6
7020,CSMO  ALLO IN PROCESS
7061,CSMO ALLO TRAITE CONG U1
7062,CSMO ALLO TRAITE CONG U2
7063,CSMO ALLO TRAITE CONG U3
7064,CSMO ALLO TRAITE CONG U4
7065,CSMO ALLO TRAITE CONG U5
7022,CSMO ALLO DEPLASMATISE
7023,CSMO ALLO CRYOC MELANGE
7024,CSMO ALLO TRAITE
16687,CSP ALLO TRAITE CONG U8
7066,CSMO ALLO TRAITE CONG U6
7071,CSMO ALLO TRAITE CRYOC U1
7072,CSMO ALLO TRAITE CRYOC U2
7073,CSMO ALLO TRAITE CRYOC U3
7074,CSMO ALLO TRAITE CRYOC U4
7075,CSMO ALLO TRAITE CRYOC U5
7076,CSMO ALLO TRAITE CRYOC U6
16610,CSP ALLO TRAITE FRACTION U1
7110,DLI  ALLO IN PROCESS
7120,DLI ALLO DEPLASMATISE
7150,DLI ALLO CRYOC MELANGE
7132,DLI ALLO FRAIS FRACTION U2
7133,DLI ALLO FRAIS FRACTION U3
7131,DLI ALLO FRAIS FRACTION U1
7134,DLI ALLO FRAIS FRACTION U4
7135,DLI ALLO FRAIS FRACTION U5
7136,DLI ALLO FRAIS FRACTION U6
7137,DLI ALLO FRAIS FRACTION U7
7138,DLI ALLO FRAIS FRACTION U8
7141,DLI ALLO CONG U1
7142,DLI ALLO CONG U2
7143,DLI ALLO CONG U3
7144,DLI ALLO CONG U4
7145,DLI ALLO CONG U5
7146,DLI ALLO CONG U6
7147,DLI ALLO CONG U7
7148,DLI ALLO CONG U8
7151,DLI ALLO CRYOC U1
7152,DLI ALLO CRYOC U2
7153,DLI ALLO CRYOC U3
7154,DLI ALLO CRYOC U4
7155,DLI ALLO CRYOC U5
7156,DLI ALLO CRYOC U6
7157,DLI ALLO CRYOC U7
7158,DLI ALLO CRYOC U8
16611,CSP ALLO CONG U1
16614,CSP ALLO CONG U2
16615,CSP ALLO CONG U3
16620,CSP ALLO CONG U4
16603,CSP ALLO CRYOC U1
16616,CSP ALLO CRYOC U2
16617,CSP ALLO CRYOC U3
16621,CSP ALLO CRYOC U4
16700,CSP ALLO TRAITE
7021,CSMO ALLO DESERYTHOCYTE
7050,CSMO ALLO CONCENTRE
7033,CSMO ALLO CONG U1
7035,CSMO ALLO CONG U2
7037,CSMO ALLO CONG U3
7039,CSMO ALLO CONG U4
7041,CSMO ALLO CONG U5
7043,CSMO ALLO CONG U6
7025,CSMO ALLO TRAITE CRYOC MELANGE
7034,CSMO ALLO CRYOC U1
7036,CSMO ALLO CRYOC U2
7038,CSMO ALLO CRYOC U3
7040,CSMO ALLO CRYOC U4
16698,CSP ALLO TRAITE CONG U3
16697,CSP ALLO TRAITE CONG U4
16696,CSP ALLO TRAITE CRYOC U3
16601,CSP  ALLO IN PROCESS
16630,CSP ALLO DESERYTHOCYTE
16699,CSP ALLO TRAITE FRACTION U4
16694,CSP ALLO TRAITE CRYOC U5
16693,CSP ALLO TRAITE CRYOC U6
16671,CSP ALLO CONG U8
16604,CSP ALLO FRAIS FRACTION U2
16605,CSP ALLO FRAIS FRACTION U3
16606,CSP ALLO FRAIS FRACTION U4
16692,CSP ALLO TRAITE CRYOC U7
16691,CSP ALLO TRAITE CRYOC U8
16690,CSP ALLO TRAITE CONG U5
16689,CSP ALLO TRAITE CONG U6
16688,CSP ALLO TRAITE CONG U7
16686,CSP ALLO TRAITE FRACTION U5
16685,CSP ALLO TRAITE FRACTION U6
16684,CSP ALLO TRAITE FRACTION U7
16683,CSP ALLO TRAITE FRACTION U8
16682,CSP ALLO FRAIS FRACTION U5
16681,CSP ALLO FRAIS FRACTION U6
16680,CSP ALLO FRAIS FRACTION U7
16679,CSP ALLO FRAIS FRACTION U8
16678,CSP ALLO CRYOC U5
16677,CSP ALLO CRYOC U6
16676,CSP ALLO CRYOC U7
16675,CSP ALLO CRYOC U8
16674,CSP ALLO CONG U5
16673,CSP ALLO CONG U6
16672,CSP ALLO CONG U7
16618,CSP ALLO CRYOC MELANGE
16695,CSP ALLO TRAITE CRYOC U4
16702,CSP ALLO TRAITE CRYOC U1
16707,CSP ALLO TRAITE CONG U1
16737,CSP ALLO TRAITE CONG U2
16738,CSP ALLO TRAITE CRYOC U2
16619,CSP ALLO DEPLASMATISE
16607,CSP ALLO FRAIS FRACTION U1
16608,CSP ALLO TRAITE FRACTION U2
16609,CSP ALLO TRAITE FRACTION U3
4970,CGR RARE ANOBIO UP1 DEL DEP
4947,CGRA RARE ANOBIO U2 D CRYO N C
4930,CGR RARE ANOBIO CRYO Clos
4949,CGRA RARE ANOBIO U2 D CRYO Clo
4948,CGRA RARE ANOBIO U1 D CRYO Clo
5947,CGRA RARE ANOBIO CRYO NC U2
5946,CGRA RARE ANOBIO CRYO NC U1
5949,CGRA RARE ANOBIO CRYO Clos U2
5948,CGRA RARE ANOBIO CRYO Clos U1
5943,CGRA RARE ANOBIO CONG NC U2
5942,CGRA RARE ANOBIO CONG NC U1
5945,CGRA RARE ANOBIO CONG Clos U2
5944,CGRA RARE ANOBIO CONG Clos U1
4931,CGR RARE ANOBIO
4933,CGR RARE ANOBIO CRYO Non Clos
4935,CGR RARE ANOBIO DEL
4937,CGR RARE ANOBIO DEL CRYO N Clo
4938,CGR RARE ANOBIO DEL CRYO Clos
4940,CGRA RARE ANOBIO U1 DEL
4941,CGRA RARE ANOBIO U2 DEL
4946,CGRA RARE ANOBIO U1 D CRYO N C
4968,CGR RARE ANOBIO DEL DEP
4972,CGR RARE ANOBIO UP2 DEL DEP
4973,CGR RARE ANOBIO UP3 DEL DEP
4974,CGR RARE ANOBIO UP1 D DEP IRR
4975,CGR RARE ANOBIO UP2 D DEP IRR
4976,CGR RARE ANOBIO UP3 D DEP IRR
5940,CGRA RARE ANOBIO U1
5941,CGRA RARE ANOBIO U2
4958,CGRA RARE CI MED U2 DEL CRY NC
4957,CGRA RARE CI MED U2 DEL
4952,CGRA RARE CI MED U1 DEL CRY C
4959,CGRA RARE CI MED U2 DEL CRY C
4951,CGRA RARE CI MED U1 DEL CRY NC
4950,CGRA RARE CI MED U1 DEL
4971,CGR RARE CI MED CRYO Clos
4965,CGR RARE CI MED DEL CRYO NC
4963,CGR RARE CI MED DEL
4962,CGR RARE CI MED CRYO Non Clos
4960,CGR RARE CI MED
4966,CGR RARE CI MED DEL CRYO Clos
5006,CGRA U1 DEL CRYO Clos
4124,CGR UA DEL CRYO Clos IRRA
5074,CGRA U1 DEL SAGM RED VOL
5075,CGRA U2 SAGM DEL RED VOL
50500,CGR - ESSAI CLINIQUE ABLE
4099,CGR UA DEL CRYO Clos
4177,CGR UA SAGM DEL RED VOL
1152,ST UE CPD DEL
1182,ST UE CPD DEL*
1252,ST UE CPD IRRA
1681,ST UA CPD DEL* IRRA
5009,CGRA U2 DEL CRYO Clos IRRA
4879,CGRA U1 DEL Clos IRRA
4880,CGRA U2 DEL Clos IRRA
1352,ST UE CPD DEL IRRA
4351,CGR UA CPD DEL Clos IRRA
5004,CGRA U1 DEL CRYO N Clos
5007,CGRA U2 DEL CRYO Clos
151,ST UA CPD
152,ST UE CPD ISSU D'UNE UA
1151,ST UA CPD DEL
1181,ST UA CPD DEL*
1251,ST UA CPD IRRA
1351,ST UA CPD DEL IRRA
4179,CGR UA SAGM DEL RED VOL IRRA
4899,CGRA U1 DEL RED VOL IRRADIE
4009,CGR UA CRYO N Clos
4151,CGR UA CPD DEL Clos
4171,CGR UA SAGM DEL Clos
4010,CGR UA CRYO N Clos IRRA
4900,CGRA U2 DEL RED VOL IRRA
4863,CGRA U1 DEL Clos
4864,CGRA U2 DEL Clos
50620,CGR UA SAGM DEL Clos PICU
50640,CGR UA SAGM DEL IRRA PICU
5301,CGR Attente Orientation PANEL
5076,CGRA U1 DEL CRYO N Clos IRRA
5077,CGRA U2 DEL CRYO N Clos IRRA
4011,CGR UA DEL CRYO N Clos
4012,CGR UA DEL CRYO N Clos IRRA
5005,CGRA U2 DEL CRYO N Clos
1682,ST UE CPD DEL* IRRA
4371,CGR UA SAGM DEL IRRA
5008,CGRA U1 DEL CRYO Clos IRRA
4869,CGRA U1 DEL DEP N CLOS
5016,CGRA U2 UP3 DEL DEPL Clos
4116,CGR UP1 DEL DEPL CLOS
4121,CGR UP2 DEL DEPL CLOS IRRA
5014,CGRA U2 UP1 DEL DEPL Clos
5012,CGRA U1 UP3 DEL DEPL Clos
5011,CGRA U1 UP2 DEL DEPL Clos
5025,CGRA U2 UP4 DEL DEPL Clos IRRA
5024,CGRA U2 UP3 DEL DEPL Clos IRRA
5022,CGRA U2 UP1 DEL DEPL Clos IRRA
5021,CGRA U1 UP4 DEL DEPL Clos IRRA
5019,CGRA U1 UP2 DEL DEPL Clos IRRA
5018,CGRA U1 UP1 DEL DEPL Clos IRRA
5017,CGRA U2 UP4 DEL DEPL Clos
4021,CGR UA DEL DEPL N Clos
5020,CGRA U1 UP3 DEL DEPL Clos IRRA
4867,CGRA U1 DEL DEPL Clos
4868,CGRA U2 DEL DEPL Clos
5010,CGRA U1 UP1 DEL DEPL Clos 
4002,CGR UA DEL DEPL Clos
4870,CGRA U2 DEL DEP N CLOS
4117,CGR UP2 DEL DEPL CLOS
4119,CGR UP4 DEL DEPL CLOS
4120,CGR UP1 DEL DEPL CLOS IRRA
4003,CGR UA DEL DEPL Clos IRRA
4006,CGR UE DEL DEPL Clos
4007,CGR UE DEL DEPL Clos IRRA
4122,CGR UP3 DEL DEPL CLOS IRRA
4123,CGR UP4 DEL DEPL CLOS IRRA
5013,CGRA U1 UP4 DEL DEPL Clos
5023,CGRA U2 UP2 DEL DEPL Clos IRRA
5015,CGRA U2 UP2 DEL DEPL Clos
4022,CGR UE DEL DEPL N Clos
4118,CGR UP3 DEL DEPL CLOS
4877,CGRA U1 DEL DEPL N Clos IRRA
4878,CGRA U2 DEL DEP N CLOS IRRA 
50621,CGR UA DEL DEPL Clos PICU
50641,CGR UA DEL DEPL Clos IRRA PICU
50622,CGR UP1 DEL DEPL PICU
50642,CGR UP1 DEL DEPL CLOS IRR PICU
50623,CGR UP2 DEL DEPL PICU
50643,CGR UP2 DEL DEPL CLOS IRR PICU
50624,CGR UP3 DEL DEPL PICU
50644,CGR UP3 DEL DEPL CLOS IRR PICU
50625,CGR UP4 DEL DEPL PICU
50645,CGR UP4 DEL DEPL CLOS IRR PICU
50631,CGR UE DEL DEPL Clos PICU
50651,CGR UE DEL DEPL Clos IRR PICU
4023,CGR UA DEL DEPL N Clos IRRA
4024,CGR UE DEL DEPL N Clos IRRA
4875,CGRA U1 DEL DEPL Clos IRRA
4876,CGRA U2 DEL DEPL Clos IRRA
50630,CGR UE SAGM DEL Clos PICU
4172,CGR UE SAGM DEL Clos
4372,CGR UE SAGM DEL Clos IRRA
4582,CGR UE SAGM DEL* IRRA
4482,CGR UE SAGM DEL*
4027,CGR UE DEL CRYO N Clos
4152,CGR UE CPD DEL Clos
4178,CGR UE SAGM DEL RED VOL
4008,CGR UE DEL CRYO Clos IRRA
4028,CGR UE DEL CRYO N Clos IRRA
50650,CGR UE SAGM DEL Clos IRR PICU
4352,CGR UE CPD DEL Clos IRRA
4196,CGR UP2 DEL RED VOL
4082,CGR UP3 DEL CRYO Non Clos
5032,CGRA U2 UP3 DEL RED VOL IRRA
5042,CGRA U1 UP1 DEL CRYO Clos
5038,CGRA U2 UP1 DEL CRYO N Clos
5040,CGRA U2 UP3 DEL CRYO N Clos
5041,CGRA U2 UP4 DEL CRYO N Clos
5043,CGRA U1 UP2 DEL CRYO Clos
5030,CGRA U2 UP1 DEL RED VOL IRRA
5064,CGRA U2 UP3 DEL CRYO Clos IRRA
4893,CGRA U1 UP3 DEL IRRA
5063,CGRA U2 UP2 DEL CRYO Clos IRRA
5046,CGRA U2 UP1 DEL CRYO Clos
5044,CGRA U1 UP3 DEL CRYO Clos
5048,CGRA U2 UP3 DEL CRYO Clos
5029,CGRA U1 UP4 DEL RED VOL IRRA
5073,CGRA U2 UP4 SAGM DEL RED VOL
5031,CGRA U2 UP2 DEL RED VOL IRRA
5050,CGRA U1 UP1 DEL CRYO NClos IRR
5051,CGRA U1 UP2 DEL CRYO NClos IRR
5053,CGRA U1 UP4 DEL CRYO NClos IRR
4173,CGR SAGM UP1 DEL Clos
4176,CGR SAGM UP2 DEL Clos
4895,CGRA U2 UP1 DEL IRRA
4896,CGRA U2 UP2 DEL IRRA
4898,CGRA U2 UP4 DEL IRRA
5026,CGRA U1 UP1 DEL RED VOL IRRA
4153,CGR CPD UP1 DEL Clos
4156,CGR CPD UP2 DEL Clos
4157,CGR CPD UP3 DEL Clos
4158,CGR CPD UP4 DEL Clos
4188,CGR SAGM UP3 DEL Clos
4190,CGR SAGM UP4 DEL Clos
4195,CGR UP1 DEL RED VOL
4197,CGR UP3 DEL RED VOL
4198,CGR UP4 DEL RED VOL
4031,CGR UP1 DEL CRYO Non Clos
4888,CGRA U2 UP2 DEL
4897,CGRA U2 UP3 DEL IRRA
5027,CGRA U1 UP2 DEL RED VOL IRRA
5028,CGRA U1 UP3 DEL RED VOL IRRA
5033,CGRA U2 UP4 DEL RED VOL IRRA
5034,CGRA U1 UP1 DEL CRYO N Clos
4199,CGR UP1 DEL RED VOL IRRA
4202,CGR UP4 DEL RED VOL IRRA
5045,CGRA U1 UP4 DEL CRYO Clos
5047,CGRA U2 UP2 DEL CRYO Clos
5049,CGRA U2 UP4 DEL CRYO Clos
5066,CGRA U1 UP1 SAGM DEL RED VOL
5067,CGRA U1 UP2 SAGM DEL RED VOL
5068,CGRA U1 UP3 SAGM DEL RED VOL
5069,CGRA U1 UP4 SAGM DEL RED VOL
5070,CGRA U2 UP1 SAGM DEL RED VOL
5071,CGRA U2 UP2 SAGM DEL RED VOL
5072,CGRA U2 UP3 SAGM DEL RED VOL
4356,CGR CPD UP2 DEL Clos IRRA
4357,CGR CPD UP3 DEL Clos IRRA
4358,CGR CPD UP4 DEL Clos IRRA
4884,CGRA U1 UP2 DEL
5052,CGRA U1 UP3 DEL CRYO NClos IRR
5055,CGRA U2 UP2 DEL CRYO NClos IRR
5060,CGRA U1 UP3 DEL CRYO Clos IRRA
4033,CGR UP1 DEL CRYO N Clos IRRA
4081,CGR UP2 DEL CRYO Non Clos
4086,CGR UP3 DEL CRYO N Clos IRRA
4092,CGR UP4 DEL CRYO Non Clos
4094,CGR UP4 DEL CRYO N Clos IRRA
5035,CGRA U1 UP2 DEL CRYO N Clos
5037,CGRA U1 UP4 DEL CRYO N Clos
5036,CGRA U1 UP3 DEL CRYO N Clos
5039,CGRA U2 UP2 DEL CRYO N Clos
4200,CGR UP2 DEL RED VOL IRRA
4201,CGR UP3 DEL RED VOL IRRA
4353,CGR CPD UP1 DEL Clos IRRA
4883,CGRA U1 UP1 DEL
4885,CGRA U1 UP3 DEL
4886,CGRA U1 UP4 DEL
4887,CGRA U2 UP1 DEL
4889,CGRA U2 UP3 DEL
4890,CGRA U2 UP4 DEL
4891,CGRA U1 UP1 DEL IRRA
4892,CGRA U1 UP2 DEL IRRA
4894,CGRA U1 UP4 DEL IRRA
4373,CGR SAGM UP1 DEL Clos IRRA
4386,CGR SAGM UP2 DEL Clos IRRA
4387,CGR SAGM UP3 DEL Clos IRRA
4388,CGR SAGM UP4 DEL Clos IRRA
5054,CGRA U2 UP1 DEL CRYO NClos IRR
5056,CGRA U2 UP3 DEL CRYO NClos IRR
5057,CGRA U2 UP4 DEL CRYO NClos IRR
5058,CGRA U1 UP1 DEL CRYO Clos IRRA
5059,CGRA U1 UP2 DEL CRYO Clos IRRA
5061,CGRA U1 UP4 DEL CRYO Clos IRRA
5062,CGRA U2 UP1 DEL CRYO Clos IRRA
5065,CGRA U2 UP4 DEL CRYO Clos IRRA
4085,CGR UP2 DEL CRYO N Clos IRRA
50626,CGR SAGM UP1 DEL Clos PICU
50646,CGR SAGM UP1 DEL Clos IRR PICU
50627,CGR SAGM UP2 DEL Clos PICU
50647,CGR SAGM UP2 DEL Clos IRR PICU
50628,CGR SAGM UP3 DEL Clos PICU
50648,CGR SAGM UP3 DEL Clos IRR PICU
50629,CGR SAGM UP4 DEL Clos PICU
50649,CGR SAGM UP4 DEL Clos IRR PICU
4907,CGR RARE DEL CRYO Non Clos
5917,CGRA RARE CRYO Non Clos U2
4903,CGR RARE CRYO Non Clos
4905,CGR RARE DEL
4910,CGRA RARE U1 DEL
4911,CGRA RARE U2 DEL
4917,CGRA RARE U2 DEL CRYO Non Clos
4918,CGRA RARE U1 DEL CRYO Clos
4920,CGR RARE DEL CRYO IRRA N Clos
4921,CGR RARE DEL CRYO IRRA Clos
4916,CGRA RARE U1 DEL CRYO Non Clos
4919,CGRA RARE U2 DEL CRYO Clos
4925,CGRA RARE U2 DEL CRYO IRRA Clo
4922,CGRA RARE U1 DEL CRYO IRRA N C
4908,CGR RARE DEL CRYO Clos
4923,CGRA RARE U2 DEL CRYO IRRA N C
4924,CGRA RARE U1 DEL CRYO IRRA Clo
4901,CGR RARE
4928,CGR RARE CRYO Clos
4989,CGR RARE DEL CRYO Clos UP1
4990,CGR RARE DEL CRYO Clos UP2
4987,CGR RARE DEL CRYO Non Clos UP1
4988,CGR RARE DEL CRYO Non Clos UP2
4977,CGR RARE CRYO IRRA Non Clos
5910,CGRA RARE U1
5911,CGRA RARE U2
5914,CGRA RARE CONG Clos U1
5915,CGRA RARE CONG Clos U2
5912,CGRA RARE CONG Non Clos U1
5913,CGRA RARE CONG Non Clos U2 
5918,CGRA RARE CRYO Clos U1
5919,CGRA RARE CRYO Clos U2
5916,CGRA RARE CRYO Non Clos U1
50600,CP pour essai clinique EFFIPAP
16417,CGA RED VOL
16411,CGA
16415,CGA IRRA
16418,CGA RED VOL IRRA
16422,CGA U2 IRRA
16423,CGA U3 IRRA
16441,CGA U1 RED VOL IRRA
16442,CGA U2 RED VOL IRRA
16443,CGA U3 RED VOL IRRA
16421,CGA U1 IRRA
16432,CGA U2 DEPL IRRA
16433,CGA U3 DEPL IRRA
16431,CGA U1 DEPL IRRA
16416,CGA DEPL IRRA
16414,CGA DEPL
20333,MELANGE PFC A TRAITE POUR ATTE
20334,MELANGE PFC ST IA AMOTOSALEN
20324,mélange de plasma issu ST UD2
20323,mélange de plasma issu ST UD1
28103,PFC ISSU ST pour mélange IA
20322,mélange de plasma issu de ST
P3205,Poche Plasma Aph cong<24H NQ
B3111,CLP Non Qualif
P3206,Plasma Aph cong>24H NQ
P3112,Poche PLASMA ST Congel NQ
P3113,Poche Plasma ST Non Congel NQ
B3104,MCP Congelé Non Qualifié
S3104,Sérum Décomplément Non Cong NQ
B3107,MCP en Plasma Non Qualif 
S3106,Sérum Non Qualifié
S3116,Sérum Partition Non Congelé NQ
S3111,Sérum Partition Congelé NQ
S3109,Sérum AB Congelé NQ
T3003,Tube Autre Anti Coag Non Quali
T3017,Tube Plasma décanté NQ
P3211,PLASMA Partition Aph. N Qualif
S3103,Sérum AB Non Qualif Non Cong
A3107,ST Non Qualif  Poche sèche
T3009,Tube instruit quest NQ
T3014,Tubes multi monodonneur NQ(Nb)
B3209,Résidu Aph NQ Petit Volume
T3016,Tube de Sérum décanté NQ
S3112,Sérum Non Cong NQ
B3123,MCP IA < 5 jours NQ
B3124,MCP IA Congelé NQ
B3221,CPA IA < 5 jours NQ
B3222,CPA IA Congelé NQ
C3208,CGR Apher Non Qualif
A3106,ST Non Qualif Tube Poche
S3105,Poche Sérum Cong (<4H)  NQ
S3101,Sérum Congelé N Qualif
C3101,CGR Non Qualif
A3104,ST Non Qualif Vol < 300ml
A3101,ST Non Qualif
A3102,ST Non Qualif Autre AC
A3103,ST Non Qualif Hémochromatose
L3201,Concentré Cellu Mono Non Qual
P3102,PLASMA ST Cong Non Qualif
P3106,PLASMA Non Qualif Citraté
C3106,CGR Non Qualif Autre AC
C3107,CGR Appauvri  Non Qualif
C3103,CGR Panel Non Qualif
L3202,Concentré de monocyt  Non Qual
T3001,Tube unitaire supplé Non Quali
T3005,Tubes panel - Non Qualif
T3006,Tubes multi monodonneur Non Qu
T3007,Tube  selectionné Non Qualif
F3001,Filtre à déleucocyter Non Qual
B3105,Résidu MCP Non Qualif
T3100,Tube Echantillon Ctrl Lab NQ
P3201,PLASMA Aph. Cong <24 H NQ
P3107,PLASMA Non Qualif Autre AC
B3201,CPA Non Qualif
B3103,MCP Non Qualif
B3207,Résidu Aph Non Qualif
B3110,CPS Non Qualif
P3207,Poche Plasma Aph Non cong NQ
C2103,CGR Panel Qualif Lab
C2109,CGR Panel Qualif Lab Cryo
P4102,PLASMA  ST Cong Q positif
S4101,SERUM - Frais Q Positif
A4101,Poche de sang total Q Positif
A4103,STdivisé en tubes Q Positif
T4101,Tube Particularité Sérologique
P4201,PLASMA Apher Cong <24HQ Pos
T5005,Tubes panel  QLF
T5100,Tube Echantillon Ctrl Lab QLF
T5001,Tube unitaire supplé. QLF
T5016,Tube de Sérum décanté QLF
T5002,Tube QBD QLF
P5201,Plasma LFB Aph. Cong < 24H QLF
T5006,Tubes mult.monodonneur QLF
T5003,Tube Autre Anti Coagulant QLF
T5007,Tube  selectionné QLF
T5009,Tube instruit quest QLF
P5206,Plasma LFB Aph. Cong > 24H QLF
T5017,Tube Plasma Décanté QLF
S2104,Sérum décomplément Non Cong QL
A2104,ST Qualif Lab Vol < 300ml
T2007,Tube  selectionné Qualif Lab
T2004,Tube pr Extrac. Acide nucl QL
T2009,Tube instruit quest QL
L2202,Concentré de monocytes Qua Lab
A2101,ST Qualif Lab
A2102,ST Qualif Lab Autre AC
A2103,ST Qualif Lab Hémochromatose
C2101,CGR Qualif Lab
C2102,CGR Périmé Qualif Lab
T2003,Tube Autre Anti Coagulant QL
B2105,Résidu MCLP Qualif Lab
P2102,Plasma ST Cong Qualif Labo
P2106,Plasma Citraté N Cong QL
C2106,CGR Qualif Lab Autre AC
P2103,Mélange PL ST Qualif Lab
P2204,Mélange PL Aph Qualif Lab
P2211,PL Aph. Partition Qualif Lab
S2111,Sérum Partition Cong Q. Labo
T2001,Tube unitaire supplé. Qual Lab
T2002,Tube de qbd Qualif Lab
T2005,Tubes panel  Qualif Lab
T2006,Tubes mult.monodonneur Qua Lab
F2001,Filtre à déleucocyter Qual Lab
P2305,Mélange PL Mxt Qualif Lab
P2107,Plasma Qualif Lab Autre Ac
C2105,Mélange CGR Qualif Lab
B2111,CLP Qualif Lab
B2201,CPA Qualif Lab
B2103,MCP en solution Qualif Lab
B2104,MCP Congelé Qualif Lab
B2106,Résidu CLP Qualif Lab
B2207,Résidu Aph. Qualif Lab
B2208,CPA phénotypé Qualif Lab
B2109,MCP phénotypé Qualif Lab
B2110,CPS Qualif Lab
T2018,TU Prélèvement Spécifique(Tub)
S2117,Poche Sérum Congel Qualif Labo
B2102,MCP Qualif Lab Périmé
B2203,CPA Qualif Lab Périmé
P2205,Poche Plasma Aph cong<24H QL
P2207,Poche Plasma Aph Non cong QL
P2206,Plasma Aph cong >24H QL
P2112,Poche Plasma ST Congel QL
P2113,Poche Plasma ST Non Congel QL
P2306,PL déclassé QL (Issu ST/ApH)
A2108,ST Qualif Lab Périmé
S2110,Sérum AB Congelé <4h QL
P2201,Plasma Aph. Cong<24 QL
T2010,Tube Sans Anti Coagulant Q L
B2202,CPA Congelé Qualif Lab
A2107,ST Qualif Lab Poche sèche
S2106,Poche Sérum Non Cong QL
S2107,Sérum Pool Qualif Lab 
P2109,Mélange PL Citraté Q. Lab Cong
S2116,Sérum Partition N Cong Q. Labo
P2110,Plas ST Divisé tube Qualif Lab
S2108,Poche Sérum AB Qualif Lab Cong
T2014,Tubes mult.monodonneur QL (Nb)
T2016,Tube de Sérum décanté QL
T2017,Tube Plasma Décanté QL
T2015,Tube Plaquettes Qualif Lab
B2107,MCP en Plasma Qualif Lab
T2011,Tube CMN congelées QL
T2012,Tube Monocytes congelés QL
T2013,Tube Lymphocytes congelés QL
P2202,Plasma Aph. Stago Baxter QL
P2203,Plasma Aph. Stago Haemo. QL
S2112,Sérum Non Cong QL
B2123,MCP IA < 5 jours QL
B2122,MCP IA > 5 jours QL
B2124,MCP IA Congelé QL
T2100,Tube Echantillon Ctrl Lab QL
P2111,PL ST Partition Qualif Lab
P2311,PL Mixte Partition Qualif Lab
S2109,Sérum AB Congelé Qualif Labo
S2103,Sérum AB Qualif Labo Non Cong
B2221,CPA IA < 5 jours QL
B2223,CPA IA > 5 jours QL
B2222,CPA IA Congelé QL
A2106,ST Qualif Lab Tube Poche
C2208,CGR Apher Qualif Lab
C2107,CGR Appauvri Qualif Lab
P2108,PL Unitaire Défibriné Q. Lab
P2308,Mélange PL Défibriné Q. Lab
S2105,Poche  Sérum Cong (< 4H) QL
S2101,Sérum unitaire Cong Qualif Lab
S2102,Sérum Pool Congelé QL
B1203,CPA Qualif Théra Périmé
P1112,Poche PLASMA ST Congelé QT
P1113,Poche PLASMA ST Non Congelé QT
P1205,Poche PL Aph. Cong < 24H QT
P1206,Poche PL Aph. Cong > 24H QT
P1207,Poche PLASMA Aph. Non Cong QT
T1016,Tube de Sérum décanté QT
T1017,Tube Plasma décanté QT
B1108,MCP Qual. Théra Périmé
B1102,MCP en sol. Qual. Théra Périmé
S1109,Sérum AB Congelé Qualif Théra 
S1110,Sérum AB Congelé <4h QT
T1010,Tube Sans Anti Coagulant Q T
P1107,PLASMA Qualif Théra Autre AC
S1102,Sérum Pool Biomérieux (cong)
S1106,Poche Sérum Non Cong QT
S1107,Sérum Pool Qualif Théra 
P1105,PL Unitaire Aph. SD QT
S1111,Sérum Partition Cong Q. Théra
S1116,Sérum Partition N Cong Q. Thér
P1211,PL Aph. Partition Qualif Théra
B1107,MCP en Plasma Qualif Théra
S1112,Sérum Non Cong QT
P1114,PLASMA ST IA Congelé QT
P1215,PLASMA Aph. IA Congelé QT
B1123,MCP IA < 5 jours QT
B1122,MCP IA > 5 jours QT
B1124,MCP IA Congelé QT
B1221,CPA IA < 5 jours QT
B1223,CPA IA > 5 jours QT
B1222,CPA IA Congelé QT
L1202,Concentré monocytes Qualif Th
T1001,Tube unitaire suppl Qualif The
T1002,Tube de qbd Qualif Therap
T1005,Tubes panel - Qualif Ther
T1006,Tubes multi. monodonneur Qu.Th
T1007,Tube  selectionné Qualif Thera
F1001,Filtre à déleucocyter Qualif T
C1102,CGR Périmé Qualif Théra
A1106,ST Qualif Théra Tube Poche
P1108,PL Unitaire Défibriné Q. Théra
P1308,Mélange PL Défibriné Q. Théra
S1105,Poche  Sérum Cong (< 4H) QT
S1101,Sérum Congelé Qualif Théra
S1104,Sérum décomplément Non Cong QT
S1103,Sérum AB Qualif Théra Non Cong
A1104,ST Qualif Théra Vol < 300ml 
T1003,Tube Autre Anti Coag Qualif T
T1004,Tube Extr Ac Nuc Qualif Therap
T1009,Tube instruit quest QT
C1105,Mélange CGR Qualif Théra
C1104,CGR phéno partic  Qualif Théra
B1201,CPA Qualif Théra
B1202,CPA Congelé Qualif Théra
B1103,MCP en solution QT NC
B1104,MCP Congelé Qualif Théra
B1106,Résidu CLP Qualif Théra
B1207,Résidu Aph. Qualif Théra
B1208,CPA phénotypé Qualif Théra
B1111,CLP Qualif Théra
B1109,MCP phénotypé Qualif Théra
A1101,ST Qualif Théra
A1102,ST Qualif Théra Autre AC
A1103,ST Qualif Théra Hémochromatose
C1101,CGR Qualif Théra
B1105,Résidu MCP Qualif Théra
P1102,PLASMA ST Cong Qualif Théra
P1106,PLASMA Qualif Théra Citraté
C1106,CGR Qualif Théra Autre AC
C1107,CGR Appauvri  Qualif Théra
C1103,CGR Panel Qualif Théra
C1208,CGR Aph.  Qualif Théra
B1110,CPS Qualif Théra
P1201,PLASMA Aph. Cong < 24H QT
P1103,Mélange PL ST Qualif Théra
P1204,Mélange PL Aph Qual Théra
P1305,Mélange PL Mxt Qual Théra
A1105,Sang de cordon natif Qualif Th
20205,PFC VIRO A-BM de ST DEL
20204,PFC VIRO A-BM A U3 DEL
20202,PFC VIRO A-BM A U1 DEL
20212,PFC VIRO A-BM A U1 DEL CRYO
20215,PFC VIRO A-BM de ST DEL CRYO
20214,PFC VIRO A-BM A U3 DEL CRYO
20203,PFC VIRO A-BM A U2 DEL
20213,PFC VIRO A-BM A U2 DEL CRYO
20115,PFC Aph Sécu Del 800ml
20113,PFC Aph Sécu Del 600ml
20133,PF Aph Sécu Del Cryo 200ml U1
20020,PFC issu ST Sécu Del
20124,PF Aph Sécu Del Cryo 200ml
20114,PFC Aph Sécu Del 200ml
20130,PFC Aph Sécu Del 200ml U1
20131,PFC Aph Sécu Del 200ml U2
20021,PFC issu ST Sécu Del Cryo
20112,PFC Aph Sécu Del 400ml
20155,PF Aph Sécu Del Cryo 800ml
20153,PFC Aph Sécu Del 200ml U4
20132,PFC Aph Sécu Del 200ml U3
20123,PF Aph Sécu Del Cryo 600ml
20122,PF Aph Sécu Del Cryo 400ml
20134,PF Aph Sécu Del Cryo 200ml U2
20135,PF Aph Sécu Del Cryo 200ml U3
20154,PF Aph Sécu Del Cryo 200ml U4
20200,PVA SD CONG
20210,PVA SD CRYO
20201,PVA SD CONG
20313,PFC A Trait AMOTOSALEN U2 CRYO
20314,PFC A Trait AMOTOSALEN U3 CRYO
20312,PFC A Trait AMOTOSALEN U1 CRYO
20304,PFC A Traité AMOTOSALEN U3
20348,Mélange PFC-ST IA U6 Cryo
20347,Mélange PFC-ST IA U5 Cryo
20346,Mélange PFC-ST IA U4 Cryo
20345,Mélange PFC-ST IA U3 Cryo
20344,Mélange PFC-ST IA U2 Cryo
20343,Mélange PFC-ST IA U1 Cryo
20330,Mélange PFC-ST IA U6
20329,Mélange PFC-ST IA U5
20328,Mélange PFC-ST IA U4
20327,Mélange PFC-ST IA U3
20325,Mélange PFC-ST IA U1
20326,Mélange PFC-ST IA U2
20303,PFC A Traité AMOTOSALEN U2
20302,PFC A Traité AMOTOSALEN U1
4902,CGR RARE CONG Non Clos
4939,CGR RARE ANOBIO DEL CONG Clos
4964,CGR RARE CI MED CONG DEL NC
4927,CGR RARE CONG Clos
4909,CGR RARE DEL CONG Clos
4906,CGR RARE DEL CONG Non Clos
4967,CGR RARE CI MED CONG DEL Clos
4969,CGR RARE CI MED CONG Clos
4929,CGR RARE ANOBIO CONG Clos
4961,CGR RARE CI MED CONG Non Clos
4936,CGR RARE ANOBIO DEL CONG N Clo
4932,CGR RARE ANOBIO CONG Non Clos
34106,PFC LFB CATEGORIE 1 vol < 400
34105,PFC LFB CATEGORIE 1 vol > 400
34009,PFC LFB CATEGORIE 2
34612,PFC LFB CATEG 1 Anti-HBs > 20
34602,PFC LFB CATEG1 Anti-HBs 8 à 20
34412,PFC LFB CATEG 1 Antitéta >20
34402,PFC LFB CATEG 1 Antitéta 8 à20
31009,PFC ISSU ST CATEGORIE 2
32105,PFC A CATEGORIE 1 volume > 400
32009,PFC A CATEGORIE 2
32602,PFC A CATEG1 Anti-HBs 8 à 20
32402,PFC A CATEG 1 Antitéta 8 à 20
31402,PFC ST CAT 1 Antitéta 8 à 20
31102,PFC ISSU ST CATEGORIE 1
32104,PFC A CATEGORIE 1 volume < 400
31612,PFC ST CAT 1 Anti-Hbs > 20
32612,PFC A CATEG 1 Anti-HBs > à 20
32412,PFC A CATEG 1 Antitéta >20
31602,PFC ST CAT 1 Anti-Hbs 8 à 20
31412,PFC ST CAT 1 Antitéta > 20
21005,PFC POUR TRAITEMENT SOLVANT DE
43201,Plasma Lyoph. (PLYO)(1ère u.)
43216,Plasma Lyoph. (PLYO)(16ème u.)
43215,Plasma Lyoph. (PLYO)(15ème u.)
43214,Plasma Lyoph. (PLYO)(14ème u.)
43213,Plasma Lyoph. (PLYO)(13ème u.)
43212,Plasma Lyoph. (PLYO)(12ème u.)
43209,Plasma Lyoph. (PLYO)(9ème u.)
43208,Plasma Lyoph. (PLYO)(8ème u.)
43207,Plasma Lyoph. (PLYO)(7ème u.)
43206,Plasma Lyoph. (PLYO)(6ème u.)
43205,Plasma Lyoph. (PLYO)(5ème u.)
43204,Plasma Lyoph. (PLYO)(4ème u.)
43203,Plasma Lyoph. (PLYO)(3ème u.)
43202,Plasma Lyoph. (PLYO)(2ème u.)
43210,Plasma Lyoph. (PLYO)(10ème u.)
43211,Plasma Lyoph. (PLYO)(11ème u.)
1156,SANG RECONSTITUE DEL
1157,SANG RECO ALBU DEL
1356,SANG RECONSTITUE DEL IRRA
1358,SANG RECO PLASMA DEL IRRA
1357,SANG RECO ALBU DEL IRRA
1158,SANG RECO PLASMA DEL
A3105,Sang de cordon natif Non Quali
A2105,Sang de cordon natif Quali Lab
A2109,Sang de cordon Congelé lab
COR80,Cornée Usage Scientifique
MBA35,M.Amnio Frag.Congelé Scient.
ALT16,Anterior tibialis tendon
ALT15,Posterior tibialis tendon SL 
ALT14,Anterior tibialis tendon SL
ALT13,Pre-shaped achilles 11 mm
ALT27,Meniscus right medial
ALT26,Meniscus right lateral
ALT25,Meniscus left medial
ALT04,Bisected patellar w/s block
ALT12,Pre-shaped achilles 10 mm
ALT11,Achille tendon w/ bone block
ALT10,Achille tendon w/o bone block
ALT09,Pre-shaped patellar 11 mm
ALT08,Pre-shaped patellar 10 mm
ALT06,Whole patellar ligament
ALT07,Whole patellar w/extra quad
ALT05,Whole patellar w/s block
ALT22,2 Post/ante tibialis tendon 
ALT23,Graftlink
ALT01,Gracilis Tendon
ALT02,Semi-tendinosus Tendon <180 mm
ALT03,Bisected patellar ligament
ALT17,Posterior tibialis tendon
ALT18,Peroneus longus tendon SL
ALT19,Peroneus longus tendon
ALT20,Semi Tend or GracilisTend >150
ALT21,Semi tendinosus Tendon >230 mm
ALT24,Meniscus left lateral
BIO13,Copeaux Os spon 50cc Supercrit
BIO16,Granules Os spongieux 18cc
BIO15,Granules Os spongieux 7cc
BIO32,Bloc Os spon 20x10x10mm Superc
BIO36,Plaq Os Cortico-spon 22x12x4mm
BIO35,Plaq Os Cortico-spon 15x10x4mm
BIO47,"Poudre os spon 0,5mm 2 cc Se"
BIO46,"Poudre os spon 0,5mm 1 cc Se"
BIO45,"Poudre os spon 0,5mm 0.5 cc Se"
BIO44,"Poudre os spon 0,5mm 5 cc Fl"
BIO43,"Poudre os spon 0,5mm 2 cc Fl"
BIO42,"Poudre os spon 0,5mm 1 cc Fl"
BIO41,"Poudre os spon 0,5mm 0.5 cc Fl"
BIO24,Coin os 30x30x14mm ang14 Super
BIO23,Coin os 30x30x12mm ang12 Super
BIO22,Coin os 30x30x10mm ang10 Super
BIO21,Coin os 30x30x8mm ang8 Super
BIO31,Bloc Os spon 30x20x10mm Superc
BIO12,Copeaux Os spon 25cc Supercrit
BIO11,Copeaux Os spon 10cc Supercrit
BIO01,Demi-Tête fémorale Supercrit
BIO00,Tête Fémorale Supercrit
BIO09,Tête Fémorale incomp Supercrit
BIO50,Disque spongieux Biobank 40x10
BIO51,Disque spongieux Biobank 40x15
OST55,OST-BAG CHANFREINEE - 3377604
OST38,OST-PLAQ CORTICO-SPONGIEUSE x2
OST36,OST- COIN RSA
OST37,OST - Disque de fermeture x4
OST11,OST- POT FRAGMENT FIN 1cm3
OST14,OST- POT FRAGMENT > 15cm3
OST15,OST- POT FRAGMENT 25cm3
OST16,OST- TRANCHE<15 cm3 - 3377604
OST21,OST-COIN L10 ANGLE 6°- 3377604
OST31,OST- BLOC 30x25x15mm - 3377604
OST17,OST- TRANCHE > 15 cm3
OST32,OST- COL 1/2 ANN CORTICAL
OST40,"OST-DENT SP FINE250-800µm0,5cc"
OST41,OST-DENT SP FINE250-800µm 1cc
OST42,OST-DENT SP FINE250-800µm 2cc
OST43,OST-DENT SP STD800-1500µm0.5cc
OST44,OST-DENT SP STD800-1500µm 1cc
OST45,OST-DENT SP STD800-1500µm 2cc
OST46,OST-DENT SP STD800-1500µm 4cc
OST47,OST-DENT CS FINE250-800µm0.5cc
OST48,OST-DENT CS FINE250-800µm 1cc
OST49,OST-DENT CS FINE250-800µm 2cc
OST50,OST-DENT CT FINE250-800µm0.5cc
OST51,OST-DENT CT FINE250-800µm 1cc
OST52,OST-EXPAND CS BLOC CS 20x10x5 
OST53,OST-EXPAND CT LAM CORT 20x10x2
OST54,OST-EXPAND SP BL SPONG25x12x10
OST30,OST- BLOC 25x12x10 mm
OST22,OST-COIN L15 ANGLE 10°-3377604
OST10,OST- POT FRAGMENT FIN 5cm3
OST24,OST-COIN M11 ANGLE 12° 3377604
OST23,OST-COIN M10 ANGLE 10° 3377604
OST25,OST-COIN M8 ANGLE 6° 3377604
OST26,OST-COIN M9 ANGLE 8° 3377604
OST27,OST-COIN S10 ANGLE 12° 3377604
OST28,OST-COIN S8 ANGLE 8° 3377604
OST05,OST- PLAQ CORTICO-SPONGIEUSE
OST33,OST- POT FRAGMENT FIN 2cm3
OST34,OST- POT FRAGMENT FIN 4cm3
OST04,OST-BAGUETTE SPONGIEUSE 5x5x30
OST03,OST- TETE INCO EVIDEE
OST35,OST- GROS FRAGMENT 25cm3
OST18,OST- GROS FRAGMENT >45cm3
OST20,"OST- POT FRAGMENT FIN 0,5cm3"
OST00,OST- TETE FEMORALE
OST01,OST- HEMI-TETE
OST02,OST- DEMI-TETE
OST09,OST- TETE INCOMPLETE
OST13,OST- POT FRAGMENT < 15cm3
OST12,OST- POT FRAGMENTS 5 cm3
TUT00,Tête Fémorale avec col
TUT51,Tendon Rotulien (Os-tendon-Os)
TUT02,Hémitête Fémorale (Import)
TUT11,Chips Spong 4 - 10 mm; <= 15cc
TUT12,Chips Spong 4 - 10 mm; V= 15cc
TUT13,Chips Spong 4 -10 mm; 15 à30cc
TUT14,Chips Spong 4 - 10 mm; V= 30cc
TUT15,Chips Cort Spong 4-10mm; V30cc
TUT21,Coin Os Spong 20x10mm / 6°
TUT22,Coin Os Spong 20x10mm / 8°
TUT23,Coin Os Spong 20x10mm / 10°
TUT24,Coin Os Spong 20x10mm / 12°
TUT25,Coin Os Spong 20x10mm / 14°
TUT31,Bloc Spong 10 x 10 x 20mm 
TUT32,Filler pour Cage 12x 12 x7mm 
TUT41,Crête Iliaque 16x 25 x7mm 
TUT42,Crête Iliaque 10x 25 x7mm 
TUT43,Bloc Rotulien 12x 12 x20mm 
TUT01,Hémitête Fémorale (France)
UTT01,UTT- Poudre et Copeaux < 5cc
UTT04,UTT- Demi Tête fémorale lyoph.
UTT03,UTT- Poudre et Copeaux > 15cc
UTT02,UTT- Poudre et Copeaux < 15cc
FCU10,Fragment Cutané Réceptionné
FCU25,F Cutané AB Congelé -150°C
FCU45,F Cutané AB Cryoconservé
VEN31,Veine Congelée -150°C
ART32,Artère Congelée -80°C
ART31,Artère Congelée -150°C
VEN32,Veine Congelée -80°C
VLV32,Valve Congelée -80°C
VLV31,Valve Congelée -150°C
ART41,Artère Cryoconservée
VEN41,Veine Cryoconservée
VLV41,Valve Cryoconservée
FCU13,Fragment Cutané Réceptionné 3
FCU33,F Cutané AB Congelé -80°C
FCU34,F Cutané AB Congelé -80°C
TOS28,Tissu Osseux cryonconservé
TOS90,Tissu Osseux Importé Congelé
TFE17,Tête Fém. Anti Congelée -196°C
TOS21,Tissu Osseux Congelé -196°C
TOS26,Tis Osseux Anti Congelé -196°C
FCU11,Fragment Cutané Réceptionné 1
FCU12,Fragment Cutané Réceptionné 2
FCU14,Fragment Cutané Réceptionné 4
FCU21,F Cutané AB Congelé -150°C
ART11,Artère Réceptionnée
VEN11,Veine Réceptionnée
VLV11,Valve Réceptionnée
VLV21,Valve Traitée AB
VEN21,Veine Traitée AB
ART21,Artère Traitée AB
TFE19,Tête Fém. Morcelée Cong -80°C
TFE21,Tête Fém Morc Antib Cong -80°C
COR51,Cornée partie Endothéliale N°2
FCU22,F Cutané AB Congelé -150°C
FCU23,F Cutané AB Congelé -150°C
FCU24,F Cutané AB Congelé -150°C
FCU31,F Cutané AB Congelé -80°C
FCU32,F Cutané AB Congelé -80°C
COR32,Cornée Stemalpha 2 en stock
COR10,Cornée Réceptionnée
COR20,Cornée Organoculture
COR30,Cornée en stock
COR40,Cornée
COR50,Cornée partie Endothéliale
TFE15,Tête Fémorale Congelée -196°C
TFE16,Tête Fémorale Congelée -80°C
TOS15,Tissu Osseux Antibio frais
TOS25,Tis Osseux Anti Congelé -80°C
COR31,Cornée Stemalpha en stock
COR21,Cornée Organoculture Stemalpha
COR11,Cornée Réceptionnée Stemalpha
COR41,Cornée Stem Alpha
COR55,Cornée bouchon
TAV40,Tissu Artério-Veineux cryocons
MBA30,M. Amniotique Fragment Congelé
TFE20,Tête Fémorale Irradiée
TOS27,Tissu Osseux Congelé Irradié
COR60,Cornée Congelée
COR70,Cornée Cryoconservée
TAV20,Tis. Artério-Veineux Cong. -80
TOS10,Tissu Osseux Réceptionné
COR99,Cornée partie Antérieure
TOS20,Tissu Osseux Congelé -80°C
TFE18,Tête Fém Anti  Congelée -80°C
TAV21,Tis. Artério-Veineux Cong.-150
FCP15,Fragment Cutané per op Antibio
FCU26,F Cutané AB Congelé -80°C
VOC20,Volet Crânien Congelé
COT20,Côte Autologue Congelée
VOC27,Volet Crânien Irradié Congelé
VOC25,Volet Crânien Antibio Congelé
TFE33,Tête Fémur à VI Congelée -196°
TFE32,Tête Fémur à VI Congelée -80°C
16612,USP-B Congelé
1302,USP-B Concentré
1300,USP-B Réceptionné Frais
16602,USP-B Cryoconservé
16613,USP-F Cryoconservé
16625,USP-F Congelé
1312,USP-F Concentré
1310,USP-F Réceptionné Frais
